id,title,description,category,image,imageCaption,imageCredit,pubDate,tags,creator,source,language,imageName
4916c661ad780d8c51e1018e155ca52ef7244913,"צה""ל פתח בגל תקיפות נרחב בצפון ובמערב העיר עזה","נשיא ארצות הברית דונלד טראמפ אמר כי קרא דיווח שלפיו חמאס מתכנן להעביר את החטופים למעל האדמה כדי להשתמש בהם כמגן אנושי נגד תקיפות צה""ל. ""אני מקווה שמנהיגי חמאס יודעים למה הם נכנסים אם הם עושים דבר כזה"", אמר. ""זאת זוועה אנושית. אל תתנו לזה לקרות, אחרת הכל פתוח"".",חדשות|ישראל במלחמה – עדכונים,data/pics/haaretz_0001_92a180cd.jpg,,haaretz,2025-09-15T21:07:12+00:00,,"כתבי ""הארץ""",haaretz,he,090464
6f5a0d5e7f5e81be92036c404e17ef21ad713e2d,לא רוצים להיות ספרטה,"בשעה שמנהיגי איראן, סעודיה, ירדן, מצרים ונציגי מדינות נוספות בליגה הערבית ובארגון לשיתוף פעולה איסלאמי התכנסו בדוחה לפסגת חירום, בעקבות ניסיון ההתנקשות הישראלי בצוות המו""מ של חמאס, ראש הממשלה בנימין נתניהו הציג את בידודה של ישראל כגזירת גורל. בנאום לפני בכירי האוצר הודה נתניהו כי ישראל מצויה ב""סוג של בידוד"", והציע ""להתנהל כמדינת ספרטה"" ולהפוך את הכלכלה והחברה למכונת מלחמה.",דעות|מאמר מערכת,data/pics/haaretz_0002_ab41333a.jpg,,haaretz,2025-09-15T21:01:00+00:00,,מאמר המערכת,haaretz,he,031160
572916022ece5592ba62dab1aa27c6e34cd9250a,קריקטורה יומית | 16 בספטמבר 2025,"חדשות, ידיעות מהארץ והעולם - הידיעות והחדשות בעיתון הארץ. סקופים, מאמרים, פרשנויות ותחקירי עומק באתר האיכותי בישראל© כל הזכויות שמורות להוצאת עיתון הארץ בע""מ",דעות|קריקטורה יומית,data/pics/haaretz_0003_28d49152.png,,haaretz,2025-09-15T21:01:00+00:00,,עמוס בידרמן,haaretz,he,capture
f94de5e8e42cb447e01af8f594d57c9871aa36e4,"אושר מינוי צחי ברוורמן, ראש לשכת נתניהו, לשגריר ישראל בבריטניה","ברוורמן, שנחשב למקורב ביותר לראש הממשלה, חשוד כי פעל לשנות את מועדי השיחות בין נתניהו לבין מזכירו הצבאי בבוקר 7 באוקטובר. לאחר אישור המינוי בנציבות המדינה, הוא יועבר לאישור הממשלה",חדשות|מדיני ביטחוני,data/pics/haaretz_0004_0e22cc23.jpg,,haaretz,2025-09-15T20:42:08+00:00,,ליזה רוזובסקי,haaretz,he,200357
4a689ece14a59f1cfb800e87da823866a21e1fbf,"ברק יצחקי: ""לא שיחקנו טוב, נגררנו למניפולציות. לא היינו חכמים""","מאמן בית""ר ירושלים לא היה מרוצה מהמשחק שסיפקה קבוצתו, ולא רק בתוספת הזמן. ""לא שיחקנו את המשחק שלנו"", הוא אמר. עומרי אלטמן, כובש שער הניצחון, אמר: ""זה אחד הרגעים הגדולים בקריירה""",ספורט|כדורגל ישראלי,data/pics/haaretz_0001_f47e5d43.jpg,,haaretz,2025-09-15T20:09:36+00:00,,ספורט הארץ,haaretz,he,090155
887c333270205ec6c654d842f33af6d88dedf519,"הפועל תל אביב ניצחה את בית""ר ירושלים 2:3 משער בדקה ה-98","אחרי שמצאה את עצמה בפיגור 2:1 ברגעי הסיום, שער שוויון של אנדריאן קרייב בדקה ה-90 ושער ניצחון של עומרי אלטמן בדקה ה-98 העניקו להפועל תל אביב 2:3 דרמטי על בית""ר ירושלים",ספורט|כדורגל ישראלי,data/pics/haaretz_0001_fc6174d5.jpg,,haaretz,2025-09-15T19:44:56+00:00,,ספורט הארץ,haaretz,he,090555
716acddb432d9c0bfbe7834061a4bb1b4dc9a500,"צה""ל פתח בגל תקיפות נרחב בצפון ובמערב העיר עזה","בצבא נערכים להתחיל בקרוב בפעולה הקרקעית בעיר עזה, למרות שלפי ההערכות רק כרבע מתושביה עזבו עד כה. בכירי מערכת הביטחון התריעו בעבר כי כיבוש העיר לא יביא להכרעת חמאס",חדשות|מדיני ביטחוני,data/pics/haaretz_0001_67a7eebc.jpg,,haaretz,2025-09-15T18:56:40+00:00,,ג'קי חורי,haaretz,he,090476-2
3a7770c1c52793e1b61cec8689e758cb24e13659,"צה""ל פתח בגל תקיפות נרחב בעיר עזה; דיווחים ברצועה: אלפים נמלטים מהעיר","בצבא נערכים להתחיל בקרוב בפעולה הקרקעית בעזה, למרות שלפי ההערכות רק כרבע מתושביה עזבו עד כה. בכירי מערכת הביטחון התריעו בעבר כי כיבוש העיר לא יביא להכרעת חמאס",חדשות|מדיני ביטחוני,data/pics/haaretz_0001_67a7eebc.jpg,,haaretz,2025-09-15T18:56:40+00:00,,ג'קי חורי,haaretz,he,090476-2
d12d8f5b6639413f382b1ffb78e64252e4b58b19,"צה""ל פתח בגל תקיפות נרחב בעיר עזה; דיווחים ברצועה: אלפים נמלטים","בצבא נערכים להתחיל בקרוב בפעולה הקרקעית בעזה, למרות שלפי ההערכות רק כרבע מתושביה עזבו עד כה. בכירי מערכת הביטחון התריעו בעבר כי כיבוש העיר לא יביא להכרעת חמאס",חדשות|מדיני ביטחוני,data/pics/haaretz_0002_67a7eebc.jpg,,haaretz,2025-09-15T18:56:40+00:00,,ג'קי חורי,haaretz,he,090476-2
d769dc972db09b54a133d8ec5a5450aee01ed22b,"משרד הבריאות בעזה: 34 נהרגו מאש צה""ל ביממה האחרונה, שלושה מתו ברעב","לפי הודעת המשרד, 64,905 בני אדם נהרגו מאז תחילת המלחמה. לשכת העיתונות הממשלתית ברצועה הודיעה כי בין ההרוגים מאש צה""ל ביממה האחרונה - שלושה עיתונאים",חדשות|מדיני ביטחוני,data/pics/haaretz_0001_ab0251ba.jpg,,haaretz,2025-09-15T18:14:01+00:00,,רואן סלימאן,haaretz,he,088623
a9b020b2f760e9b2138697e2a0dc2108b065c0ff,"הרמטכ""ל לדרג המדיני: לכו להביא עסקה, למה צוות המו""מ לא עובד על זה בכל הכוח?","בחדשות 13 דווח כי זמיר אמר בדיון ביטחוני עם הדרג המדיני כי הוא ""מכין את הצבא לתמרון ומגייס מילואים להכניע את חמאס לפי הנחייתכם. למה צוות המו""מ לא מטייל עכשיו בכל העולם כדי להביא עסקה?"" דרמר השיב לו: ""יש עסקה על השולחן והיא נמצאת שם רק כי לא הקשבנו לך""",חדשות|מדיני ביטחוני,data/pics/haaretz_0002_f42699b4.jpg,,haaretz,2025-09-15T17:47:39+00:00,,יניב קובוביץ,haaretz,he,031093
a1e9533d9a40c0735f21a3c2e069c96c11689027,"תחזית ליום שלישי: מעונן חלקית, בבוקר ייתכן טפטוף בצפון ובמישור החוף","מזג האוויר מחר (שלישי) יהיה מעונן חלקית ותחול ירידה בטמפרטורות, בעיקר בהרים ובפנים הארץ. בבוקר ייתכן טפטוף בצפון הארץ ולאורך מישור החוף. הים התיכון יהיה גלי עד גבה־גלים, גובהו 60–140 סנטימטרים, וטמפרטורת המים תהיה 29 מעלות. רוח דרומית־מערבית עד צפונית־מערבית תנשב במהירות 12–34 קמ""ש. זיהום האוויר יהיה נמוך עד בינוני בכל אזורי הארץ.",חדשות|מזג האוויר,data/pics/haaretz_0003_540a81e7.jpg,,haaretz,2025-09-15T17:45:06+00:00,,הארץ,haaretz,he,085024-2
04a5d2c4a670086534dcc9d2b0b1c9f03e6fb99c,אספקת המים לכפר בגדה מנותקת במשך יותר מיממה עקב עבודות לבניית מאחז סמוך,"גם אספקת החשמל מנותקת מזה כמה שעות בשל העבודות. לדברי התושבים, עובדי מקורות באו לכפר כדי לתקן את התקלות כבר היום בשעות הצהריים, ואולם המתנחלים עיכבו את תחילת העבודות בכמה שעות",חדשות|מדיני ביטחוני,data/pics/haaretz_0004_e84434e1.jpeg,,haaretz,2025-09-15T17:41:34+00:00,,מתן גולן,haaretz,he,whatsapp-image-2025-09-15-at-18-40-51
f1591f78cbd32fe3b8ace6f8bffe6bacb14033b0,נתניהו הציל את חמאס,"כל מי שלא לוקחים חלק בפולחן האישיות של בנימין נתניהו בקרב הציבור הישראלי מבינים היטב, כי בשנים הקריטיות שקדמו לטבח 7 באוקטובר נתניהו היה בעבור חמאס נכס יקר מפז, מאחר שהוא איפשר באופן עקבי ומודע את התחזקותו וצמיחתו הדרמטית במימון הקטארי, עד כדי הפיכתו מארגון טרור קיקיוני לצבא מאומן וקטלני. ואולם, גם כיום, קרוב לשנתיים בתוך מלחמת 7 באוקטובר הבלתי נגמרת וחסרת התכלית, דומה שישראל של נתניהו, בהתנהלותה האובדנית, עושה כל שביכולתה כדי לא רק לגרום לחמאס להישאר עם הראש מעל המים, אלא אף להבטיח בעבורו הישגים מרשימים במלחמת החורמה שלו ב""ישות הציונית"".",דעות,data/pics/haaretz_0001_3654235f.jpg,,haaretz,2025-09-15T17:00:00+00:00,,דימיטרי שומסקי,haaretz,he,067312-4
fdb713d572b21b8b286b8a7d6939c10b7d796956,"כך, במניעת מימון, שר החינוך משכתב את התנ""ך","חברת קיבוץ מעלה גלבוע. בעבר ניהלה תיכון דמוקרטי משלב דתיים וחילונים, וכיום היא מחנכת כיתה ומלווה מנהלים",דעות,data/pics/haaretz_0002_d3c1019d.jpg,,haaretz,2025-09-15T17:00:00+00:00,,פסית שיח,haaretz,he,664346
f41fc6f88d771e2459de1668969052e74c45d4f7,עד הניצחון המוחלט של חמאס?,עמית מחקר בכיר בקרן קרנגי ובמכון בלפר. כיהן בשורה של תפקידים בכירים במערכת הביטחון,דעות,data/pics/haaretz_0003_29f0c054.jpg,,haaretz,2025-09-15T17:00:00+00:00,,אריאל (אלי) לויטה,haaretz,he,024945
f8b4e719540a6e8cce97dfb43c2342d6f1293789,"בחזרה ל""חלוקה""",הארץ,דעות|מכתבים למערכת,data/pics/haaretz_0004_9fc7053a.jpg,,haaretz,2025-09-15T17:00:00+00:00,,אריה קצוביץ,haaretz,he,1510849379
2203fe084cc847e611f7eacc5d27ee6fc1bb9322,ואם התותח מצא מקום | 16.9.2025,הארץ,דעות|מכתבים למערכת,data/pics/haaretz_0005_6c24f6a2.jpg,,haaretz,2025-09-15T17:00:00+00:00,,הארץ,haaretz,he,1425414727
7adfd74b38e2b9262f3be6f94f00479fffcf31a8,"חרב דמוקלס בידי היועצת, אבל היא מסרבת להשתמש בה","ב–4 באוגוסט השלימה הממשלה את המהלך שהתחיל בכתב פלסתר מסית ושקרי שהכין שר המשפטים יריב לוין, והחליטה על פיטורי היועצת המשפטית לממשלה גלי בהרב־מיארה, בטענה למשבר אי־אמון בין הממשלה לבינה. משבר אמון מהסוג הקיים בין השוטר לגנב שנתפס ""על חם"" עם הסחורה הגנובה.",דעות,data/pics/haaretz_0006_aad26ad7.jpg,,haaretz,2025-09-15T17:00:00+00:00,,אביגדור פלדמן,haaretz,he,089725
05c31a2176f96e5d9779206529893022bf700455,עדיין לא הפנמנו שכוחו של חמאס בחולשתו,עמית מחקר בכיר בקרן קרנגי ובמכון בלפר. כיהן בשורה של תפקידים בכירים במערכת הביטחון,דעות,data/pics/haaretz_0002_29f0c054.jpg,,haaretz,2025-09-15T17:00:00+00:00,,אריאל (אלי) לויטה,haaretz,he,024945
d847a8b4d1936b68edec4741eb494d21b4b17ee6,"כמו בשנים שלפני הטבח, גם כעת חמאס חייב תודה ענקית לנתניהו","כל מי שלא לוקחים חלק בפולחן האישיות של בנימין נתניהו בקרב הציבור הישראלי מבינים היטב, כי בשנים הקריטיות שקדמו לטבח 7 באוקטובר נתניהו היה בעבור חמאס נכס יקר מפז, מאחר שהוא איפשר באופן עקבי ומודע את התחזקותו וצמיחתו הדרמטית במימון הקטארי, עד כדי הפיכתו מארגון טרור קיקיוני לצבא מאומן וקטלני. ואולם, גם כיום, קרוב לשנתיים בתוך מלחמת 7 באוקטובר הבלתי נגמרת וחסרת התכלית, דומה שישראל של נתניהו, בהתנהלותה האובדנית, עושה כל שביכולתה כדי לא רק לגרום לחמאס להישאר עם הראש מעל המים, אלא אף להבטיח בעבורו הישגים מרשימים במלחמת החורמה שלו ב""ישות הציונית"".",דעות,data/pics/haaretz_0003_3654235f.jpg,,haaretz,2025-09-15T17:00:00+00:00,,דימיטרי שומסקי,haaretz,he,067312-4
06a1e4da5a946faa1bdef6ee074edc0439fa0c5b,"אצל יואב קיש מה שקובע אם סיפור תנ""כי חשוב או לא זה הקו הירוק","חברת קיבוץ מעלה גלבוע. בעבר ניהלה תיכון דמוקרטי משלב דתיים וחילונים, וכיום היא מחנכת כיתה ומלווה מנהלים",דעות,data/pics/haaretz_0004_d3c1019d.jpg,,haaretz,2025-09-15T17:00:00+00:00,,פסית שיח,haaretz,he,664346
6ac25386b20de1e2e1653b0dadcb30f76ff7b568,העליון של ברזיל יצר תקדים בהרשעת בולסונרו. בעלי בריתו כבר פועלים להשיג לו חנינה,"מאז 1889 ועד 2022 עברה ברזיל יותר מתריסר הפיכות צבאיות, ומחציתן צלחו. ואולם בכל ניסיון כושל, נוכו מתכנני ההפיכה ומעולם לא הועמדו לדין",חדשות|אמריקה,data/pics/haaretz_0001_87ac0877.jpg,,haaretz,2025-09-15T16:31:27+00:00,,ניו יורק טיימס,haaretz,he,88284
54abbff86f61e30f88b70a5b4bebcdf9085889e9,"שחקניות טוענות: רמה""ש השתלטה על החשבון שלנו וזייפה חתימות על מסמכים","שלוש שחקניות לשעבר במועדון כדורגל רמת השרון טוענות כי המועדון זייף את החתימות שלהן ורשם אותן בסגל ללא ידיעתן, על מנת לעמוד בדרישות המינימום של ההתאחדות. האחרונה הודיעה כי תיפתח חקירה בנושא",ספורט|כדורגל ישראלי,data/pics/haaretz_0002_72fd850d.jpg,,haaretz,2025-09-15T15:38:23+00:00,,שאול גרינפלד,haaretz,he,37177
80a59aeb2ab7e99f57dfd54372f8c54e61822898,"מונדו דופלנטיס זכה באליפות העולם, ואז התחילה התחרות שכולם חיכו לה: הוא נגד עצמו","הקהל, התקשורת, ואפילו המתחרים שלו: כולם אוהבים את מונדו דופלנטיס, הרוקסטאר של האתלטיקה ■ גם בלי מדליה, ישראל שוב הראתה שהיא מיני מעצמה במרתון ■ בריצת 3,000 מכשולים הגיעה ההפתעה הגדולה של האליפות",ספורט|ענפים נוספים,data/pics/haaretz_0003_2983bc9c.jpg,,haaretz,2025-09-15T15:29:00+00:00,,עוזי דן,haaretz,he,88931
b81a2076f13650c0d3d99b5bedbf4cf58a5480d3,אם אהרוג את החמוש שירה באמי ב-7/10 לא אקבל אותה חזרה. נקמה אינה צדק,"כבר שנים שכולם מדברים על צדק, אף אחד לא מדבר על שלום.",דעות,data/pics/haaretz_0004_8fbd7853.jpg,,haaretz,2025-09-15T15:18:38+00:00,,יונתן זייגן,haaretz,he,669634
9d978cb3439f903609a4564fd9a5488a6667b422,מאי גולן וחבריה עובדים במפעל רווחי שהמלחמה הכרחית לקיומו,"חיילים ייהרגו, ישראל תסולק מקהילת העמים והמדינה תגווע - אבל המפעל שנקרא שלטון הליכוד יפעל. וגם: נתניהו מכריז בזאת על הקמת מדינת ""סופר־ספרטה"", רוגל נגד סיינפלד, פרסי האמי וסיפור קצר על אהבה | היום ביומית",דיגיטל|היומית,data/pics/haaretz_0005_59311a21.jpg,,haaretz,2025-09-15T15:12:40+00:00,,מורן שריר,haaretz,he,554354
2610bc3f70cc743aeb5fc72a5a4a38245edfdc38,בלי עוקץ: 32 עוגות דבש מומלצות לראש השנה,שנים של מוניטין מפוקפק לא הצליחו להעלים את מאפה החג הכי שנוי במחלוקת. לקראת ראש השנה ערכנו טעימה רחבה של עוגות דבש הקונדיטוריות המובילות בארץ ואלו הן הטובות מכולן,אוכל|עוגות דבש,data/pics/haaretz_0006_10fb8f74.jpg,,haaretz,2025-09-15T15:09:50+00:00,,רוני קשמין,haaretz,he,25850
65a03b2fe63f34d67b6a78f1b15153f69d33a788,בית המשפט גזר מאסר עולם על כפיר עטיה שרצח את אביה של בת זוגו לשעבר,"עטייה, שדקר למוות את דוד אגייב, הורשע גם בעבירות של הפרת תנאי מעצר הבית שלו בזמן הרצח, בנהיגה בלי רישיון כשנמלט מהמקום ובהתנגדות למעצר. נגזר עליו לשלם 258,000 ש""ח פיצויים למשפחת הנרצח",חדשות|משפט ופלילים,data/pics/haaretz_0007_373774ed.jpg,,haaretz,2025-09-15T14:50:24+00:00,,הארץ,haaretz,he,747141
b35d19eb4b8d03151521be807b0bda709fdf4194,"חוקרת מטעם האו""ם טוענת: ישראל מפציצה בעזה בנשק בלתי קונוונציונלי כדי להפוך אותה לבלתי ראויה למחיה","בישראל דחו את דבריה של פרנצ'סקה אלבנזה: ""הצהרותיה מוכיחות את נכונותה לפנות לקיצוניות במסע הדה־לגיטימציה של ישראל"". ביולי הטילה ארה""ב סנקציות עליה, ואמרה כי פעולותיה מעודדות העמדה בלתי לגיטימית של ישראלים לדין",חדשות|מדיני ביטחוני,data/pics/haaretz_0008_a4f2e5cd.jpg,,haaretz,2025-09-15T14:46:44+00:00,,הארץ,haaretz,he,87388
704b19a990be68cec782b5b5821314966480b583,"נתניהו במבצע ""בולמוס"", ב-1969 כמו היום","באחד ממבצעי סיירת מטכ""ל במלחמת ההתשה ב-1969, חצה בנימין נתניהו את תעלת סואץ עם חבריו על סירת גומי ובשלב מסוים קפץ למים עם יותר מדי נשק ותחמושת וטבע מכובד המשקל. יד של אחד מחבריו לסירה משתה אותו חזרה לחיים. שם המבצע ההוא היה ""בולמוס 4"". עברו 56 שנה, ושוב אנחנו במלחמת התשה, הפעם בעזה, ושוב נתניהו בבולמוס מלחמה עם יותר מדי נשק ותחמושת, וסכנת הטביעה מאיימת הפעם על החטופים ועל העם השכול והפצוע, במלחמה המסתבכת שהממשלה ממשיכה בלי הסכמה רחבה.",דעות,data/pics/haaretz_0009_fda09b34.jpg,,haaretz,2025-09-15T14:40:57+00:00,,דורון קורן,haaretz,he,824007-3
1783f753a1917c8dba78689402772f07234b619e,א־סיסי בפסגה בדוחה: פעולות ישראל מחבלות בהסכמי שלום קיימים עם מדינות באזור,"נשיא מצרים אמר כי פעולותיה האחרונות של ישראל מעכבות גם הסכמי שלום חדשים ומאיימות על ביטחון ישראל ועל ביטחונן של מדינות אחרות באזור. אמיר קטאר: ישראל פועלת לסכל את המו""מ עם חמאס",חדשות|מדיני ביטחוני,data/pics/haaretz_0010_ca86a2d8.jpg,,haaretz,2025-09-15T14:33:00+00:00,,ג'קי חורי,haaretz,he,89463
5b4a89626775037648d3cb03df59d0148f3355f1,ארמנד דופלנטיס שבר את שיא העולם בקפיצה במוט בפעם ה-14 בקריירה; קבע 6.30 מטרים באליפות העולם באתלטיקה,"ארמנד ""מונדו"" דופלנטיס קפץ לגובה של 6.30 מטרים באליפות העולם באתלטיקה, ושיפר את השיא שקבע בחודש שעבר בסנטימטר אחד. השוודי פסל פעמיים והיה נראה מיואש, אבל בסוף עמד במשימה פעם נוספת",ספורט|ענפים נוספים,data/pics/haaretz_0011_d0843fc0.gif,,haaretz,2025-09-15T13:49:17+00:00,,ספורט הארץ,haaretz,he,a65dye
45e6f3e4abe3e815934963ebbb1b1e5edd3cf522,"במקום להתייצב לחקירתה, מאי גולן באה לדיון בהארכת מעצר של מקורביה","בהודעה שהפיצה לכלי התקשורת טענה השרה כי חקירתה היא פוליטית. ""אני לא מתרגשת מהאיומים של היועמ""שית"", כתבה. בית המשפט החליט לשחרר למעצר בית את אוהד גבאי, עורך דין המקורב לשרה. דיון בעניינם של חמישה חשודים נוספים עודנו מתנהל",חדשות|משפט ופלילים,data/pics/haaretz_0012_89f198c6.jpg,,haaretz,2025-09-15T13:20:45+00:00,,דיאא חאג' יחיא,haaretz,he,089162-2
355e4039a73a79782da5cd75916ea7901ed7fb87,מחקר: שורדי נובה שבזמן הטבח היו תחת השפעת MDMA הפגינו פחות תסמיני פוסט־טראומה,"חוקרים מאוניברסיטת חיפה עקבו אחר יותר מ-700 משורדי פסטיבל הנובה, ובחנו כיצד משפיעים חומרים משני תודעה שנצרכים במהלך אירוע טראומתי על ההתאוששות ממנו. בזמן ש-MDMA סייע להתמודדות, קנאביס ואלכוהול הזיקו לה",בלוגים|סיור מוחות,data/pics/haaretz_0013_d144a39f.jpg,,haaretz,2025-09-15T13:13:06+00:00,,יואב מה-טוב,haaretz,he,13911
de526c115c8dfefc7cf7b02024333f88b2dfdfce,הקסם שבהרים ובשקט: טיול רגלי בחבל זגוריה ביוון,"בין מצוקים עמוקים, גשרים מקושתים וכפרי אבן שצללו בזמן – חבל זגורִיה שבצפון־מערב יוון מציע נוף דרמטי, תרבות הררית עתיקה וחוויה שקטה ורומנטית המציגה מדינה שונה לחלוטין מזו שבאיים",טיולים|יוון,data/pics/haaretz_0014_e8eb3c7e.jpg,,haaretz,2025-09-15T13:10:57+00:00,,ניו יורק טיימס,haaretz,he,84466
a3171761bef07c9ffb57ae917726be1f5ec4ebf6,"מאפה בצק עלים ממולא תפוחים, אגוזים וקרמל מלוח","פריכות של בצק עלים זהוב, תפוחים מתוקים, אגוזים קלויים וקרמל נמס עם נגיעה מלוחה. קינוח חגיגי למראה אבל פשוט ומהיר להכנה - מושלם לערב החג או לבוקר שאחריו",אוכל|מלא מפה לפה,data/pics/haaretz_0015_cdb9d624.jpg,,haaretz,2025-09-15T12:23:20+00:00,,נורית פלד,haaretz,he,68203
c82c925e49c34ff64e0b7918628747f6c629a46a,"הבחירות לפרלמנט בסוריה נדחו בטענה כי נדרש עוד זמן להכנות, תאריך חדש טרם פורסם","כמה שעות לפני שהיו אמורות להיפתח הקלפיות ברחבי המדינה הודיעו הרשויות על דחייה בשל ""חוסר השלמת הכנות ארגוניות חיוניות"". מבקרי המשטר החדש בסוריה טענו כי מדובר בהוכחה שמשטר א־שרע אינו מוכן לקיים הליך דמוקרטי תקין",חדשות|המזרח התיכון,data/pics/haaretz_0016_22bd5668.jpg,,haaretz,2025-09-15T12:22:32+00:00,,ג'קי חורי,haaretz,he,039372-2
ed3706160a9b56b678792e8b77ec57869d15e4f0,מתכונים טבעוניים חגיגיים לראש השנה,"מה אוכלים טבעונים בארוחת ראש השנה? מארוחה פרסית של השף הראל זכאים ועד עוגת דבש ללא דבש, מהמנה הראשונה ועד הקינוח - רק מתכונים טבעוניים חגיגיים",אוכל|מתכונים לראש השנה 2025,data/pics/haaretz_0017_5fdfd6cd.jpg,,haaretz,2025-09-15T12:11:00+00:00,,רותם מימון,haaretz,he,586209525
e11777955516b0c770e722e547123765145fc47d,בן 20 נדקר למוות בביתו בכפר קאסם; המשטרה עצרה את אחיו בחשד שרצח אותו,"המשטרה מסרה כי החשוד נעצר סמוך לזירת הרצח, וכי הרקע לדקירה הוא ככל הנראה סכסוך משפחתי. לפי מעקב ""הארץ"", מתחילת השנה נרצחו 178 ערבים בישראל",חדשות|משפט ופלילים,data/pics/haaretz_0018_32ab535c.jpeg,,haaretz,2025-09-15T11:51:20+00:00,,דיאא חאג' יחיא,haaretz,he,whatsapp-image-2025-09-15-at-14-35-04
274a4fd22b16b2c8345691b9ede8dd109902c5a2,"""מאז שנהייתי אמא אני עוברת תהליך מאוד גדול, אני לא אותה מאמנת שהייתי לפני""","המאמנת הראשונה של נבחרת ישראל לנשים, שירה העליון, סוגרת ת'פינה על המינוי (""סוג של שבירת תקרת זכוכית""), על הטרבל באשדוד (""ידענו להתעלות ברגעים הנכונים""), על האימהות (""אני ישנה פחות בכל יום בשביל להספיק הכל"") ועל המצב של הענף (""באשדוד אנחנו מתקשים לגייס 12-10 שחקניות"")",ספורט|סגור לי ת'פינה,data/pics/haaretz_0019_9cd8c567.jpg,,haaretz,2025-09-15T11:50:25+00:00,,עירד צפריר,haaretz,he,570610
707ae3d7ebf0f934aec44b08a8eb4a713caa7c2a,לא רק שיקום מפציעות: פיזיותרפיה היא כלי להזדקנות מיטבית,"נהוג לחשוב על פיזיותרפיה ככלי לשיקום מפציעות, אך מחקרים מצביעים על כך שהיא מפחיתה את הסיכון לנפילות ואף תורמת לבריאות הלב. שש תועלות בריאותיות שמדגימות את תרומתה לחיים עצמאיים ופעילים בגיל המבוגר",בריאות,data/pics/haaretz_0020_25e75324.jpg,,haaretz,2025-09-15T11:47:36+00:00,,"מיטל מלצר, ענבל מעין",haaretz,he,9627
7d5244dd6dc056993865d4c67adc3b28fd456785,רק כשליש ממפוני מטולה חזרו. את הוואקום ממלאים בעיקר דתיים לאומיים,"חזרת התושבים הייתה אמורה להסתיים עם פתיחת שנת הלימודים, אך רבים בחרו להמשיך בחיים שבנו בחוץ. אף שהוותיקים מעריכים את השכנים החדשים שהתגייסו להציל את המושבה, הם חוששים משינוי דמוגרפי",חדשות|מגזין חדשות,data/pics/haaretz_0021_907515f1.jpg,,haaretz,2025-09-15T11:46:14+00:00,,עדי חשמונאי,haaretz,he,967855
72d2a5868537e0d12510832721f28cc1bf595e56,"זוכת האמי האנה איינבינדר: ""אני חשה שזו חובתי כיהודייה להבחין בין יהודים לבין מדינת ישראל""","כוכבת ""האקס"" היא בין אלפי החותמים על העצומה הקוראת לא לשתף פעולה עם מוסדות קולנוע ישראליים. גם חוויאר ברדם התנגד למלחמה בעזה: ""אני לא מסוגל לעבוד עם מי שמצדיק או תומך ברצח עם""",תרבות|טלוויזיה,data/pics/haaretz_0022_577256c3.jpg,,haaretz,2025-09-15T11:30:09+00:00,,גרדיאן,haaretz,he,83835
9eb717ad590c08cae5993158f65cf78283fbaab3,ראש ממשלת ספרד קרא לאסור על ישראל להשתתף באירועי ספורט בינלאומיים,"פדרו סאנצ'ס אמר היום כי יש לאסור על ישראל ורוסיה להשתתף באירועי ספורט בינלאומיים עד ש""האקטים הברבריים"" שלהן ייעצרו. אמש הביע סאנצ'ס תמיכה במפגינים פרו־פלסטינים שגרמו לעצירת הקטע האחרון במרוץ האופניים וואלטה א'אספניה",ספורט|ענפים נוספים,data/pics/haaretz_0023_0e504c50.jpg,,haaretz,2025-09-15T11:25:03+00:00,,רויטרס,haaretz,he,72296
dcaef5c388af480421ce239f121b205b78acf157,وزارة التعليم الإسرائيلية تمول رحلات توراتية بشرط إقامتها في الضفة الغربية,"في حال قرر مديرو المدارس إشراك طلابهم في جولات داخل الأراضي المحتلة، أُبلغوا بأن وزارة التعليم ستتكفل بكافة التكاليف. وأشار أحد المديرين إلى أن ""الهدف من البرنامج يبدو واضحاً: دفع المدارس، التي تواجه أزمات مالية مستمرة، للاستفادة من خطة مجانية بالكامل""",هآرتس بالعربي,data/pics/haaretz_0024_0b0ed524.jpg,,haaretz,2025-09-15T11:22:21+00:00,,نوعا ليمونِه,haaretz,ar,624419
d5af0e8e22a480a9c391c17d1df40947ab5c02bb,השטיח האדום בטקס האמי הפך לאדום-ירוק,"לצד הקריאות להפסקת המלחמה בעזה, היו גם רגעים אופנתיים ראויים לציון בטקס האמי",תרבות|אופנה,data/pics/haaretz_0025_0fb8b8e5.jpg,,haaretz,2025-09-15T11:21:54+00:00,,אופיר חובב,haaretz,he,63054542
038629ee78f4baf9edd5353cd8f38103781f61a7,"נתניהו: הפעולה בקטאר לא נכשלה, הדבר העיקרי שרצינו זה להעביר מסר","ראש הממשלה אמר את הדברים לצד שר החוץ של ארה""ב שמבקר בישראל, שאמר כי ""כולם היו מעדיפים הסכם שבמסגרתו חמאס מסכים להניח את הנשק ולשחרר את החטופים"". בכנס במשרד האוצר אמר נתניהו: בשנים הקרובות נידרש להתמודד עם בידוד, נצטרך להיות סופר־ספרטה",חדשות|מדיני ביטחוני,data/pics/haaretz_0026_142272b3.jpg,,haaretz,2025-09-15T11:19:52+00:00,,ליזה רוזובסקי,haaretz,he,whatsapp-image-2025-09-15-at-13-48-50-2
615d73865e70a15a077226bdc0a630ed6db6e23a,"ברצלונה חוגגת את ה-0:6 על ולנסיה, אבל דווקא פדרי שלא כבש זוכה למחמאות","אחרי עוד הופעה נהדרת, ולמרות הצמדים שכבשו פרמין לופס, וצמד המחליפים ראפיניה ורוברט לבנדובסקי, פדרי שתפקד כקפטן שוב בלט בניצחון הגדול של ברסה במסטאייה. ""אני מקווה שהוא יישאר כאן לשנים רבות"", אמר מאמן האלופה האנזי פליק על הקשר",ספורט|כדורגל בעולם,data/pics/haaretz_0027_08e144e3.jpg,,haaretz,2025-09-15T10:49:51+00:00,,ספורט הארץ,haaretz,he,75429
095197e1b4ead1ea319e365c8951ca90528f3635,שארל אזנבור רצה להתרחק מהעצבות,"כאשר שארל אזנבור שר את Emmenez Moi הוא התחנן לספינה העוגנת בנמל לקחת אותו עד קצה העולם, למקום שבו יש שמש",בלוגים|חדר ניתוח,data/pics/haaretz_0028_56af69dd.jpg,,haaretz,2025-09-15T10:39:19+00:00,,איתמר זהר,haaretz,he,429097
79dd91411070a469f68408b52712c3191860c544,ספרד ביטלה עסקת נשק גדולה עם אלביט,במסגרת העסקה הייתה אמורה אלביט לספק מערכות ארטילריה בשווי מאות מיליוני אירו. על רקע המלחמה בעזה ביטלה ספרד בשבוע שעבר גם עסקה בסך 237 מיליון אירו לקניית טילי ספייק מחברת רפאל,חדשות|השירות החשאי,data/pics/haaretz_0029_24394708.jpg,,haaretz,2025-09-15T10:29:46+00:00,,עודד ירון,haaretz,he,pulss
a3dfa686f6f7d9d66dc13e6b3649a3df673524e8,ترامب هو الشخص الوحيد القادر على منع نتنياهو من جر إسرائيل نحو كارثة جديدة,رئيس الوزراء يتجاهل رئيس أركان الجيش زمير وكبار المسؤولين في أجهزة الأمن المعارضين لاستمرار الحرب، ويصرّ على إرسال عشرات الآلاف من الجنود لاحتلال مدينة غزة، معرضاً بذلك حياتهم وحياة الأسرى الذين لا يمكن للجيش ضمان سلامتهم، بالإضافة إلى حياة مئات الآلاف من الفلسطينيين,هآرتس بالعربي,data/pics/haaretz_0030_67b5fa06.jpg,,haaretz,2025-09-15T10:27:05+00:00,,عاموس هارئيل,haaretz,ar,63048444
cfa2d8a078c178d38443dc59c5532db6ecd4ce37,בית המשפט הרחיק שלושה פעילי ימין שהתפרעו במאהל משפחות שכולות בירושלים,"השלושה, אלירן סימן־טוב, שגיא טל־אור ורוני רונו, לא התייצבו בבית המשפט לדיון בהוצאת צו הרחקה נגדם. בשבוע שעבר העידו פעילים ששהו במאהל כי שבעה מתפרעים שברו שלטים, קיללו וגרמו נזק לרכוש. שוטרות שבאו לשם עזבו בלי לעכב או לעצור איש",חדשות|משפט ופלילים,data/pics/haaretz_0031_45b78b72.png,,haaretz,2025-09-15T10:19:23+00:00,,בר פלג,haaretz,he,peah2
3008b599915f4e01dad9f527ee4b43ccce9960e4,חופשה של ישראלי היא כמו טיול שבועי של כלב אומלל במחסה לא מתוקצב,"איך נפרדים מהפסיכולוגית? לי זה לקח ארבע פגישות ■ חופשה? זו בריחה מודעת! לא עשיתי כלום חוץ מלשבת ולבהות בגלים ■ הייתי באבל על התינוקות שלי שנולדו בלעדיי ומתו בלעדיי, בארץ אחרת | התגובות הכי טובות שפורסמו השבוע באתר הארץ",טוקבקים,data/pics/haaretz_0001_14c86ae2.jpg,,haaretz,2025-09-15T09:48:33+00:00,,הטוקבקים של השבוע,haaretz,he,445558-2
369974ec4d677c3c224d8b2494ecad04ab896b30,נדחתה תביעת הדיבה של אלי ציפורי; השופט קבע כי הוא אכן מטריד עיתונאים ותובעים,"ציפורי תבע ב-2022 את יהודה שפר, בכיר לשעבר בפרקליטות, לאחר שהאחרון שיתף מאמר של גידי וייץ ב""הארץ"" שבו נאמר כי ציפורי ""מפעיל טרור נפשי"" נגד התובעים והעיתונאים. בית משפט השלום קבע כי הדברים ששפר שיתף היו דברי אמת, וכי ציפורי יחויב בתשלום הוצאות משפט",חדשות|משפט ופלילים,data/pics/haaretz_0002_b2a5430a.jpg,,haaretz,2025-09-15T09:40:46+00:00,,חן מענית,haaretz,he,757222
2e36742cca5b1c725ac4bc25fdd321f516389eb9,"מה זה ""המרחב הרביעי"" ואיך הוא קשור לרווחה הנפשית שלכם?","נוכחות גוברת במפגשים חברתיים סביב ציור, קריאה או ריצה היא חלק מהמגמה המכונה ""המרחב הרביעי"" – מסגרת אנלוגית שאינה בית, עבודה או בילוי צרכני, אלא זירה חדשה שבה שייכות וחזרתיות הופכות למשאב של חוסן נפשי",בריאות,data/pics/haaretz_0003_3699932e.jpg,,haaretz,2025-09-15T09:32:52+00:00,,מאיה גז,haaretz,he,health-fourthspace-14-09-2025-fourthspace-promotion
e4e7b787b66a8cca46229ae1c690893384ddc704,בן גביר: מתכנן להקים שכונה לשוטרים על חוף הים של עזה,"השר הגיע ביחד עם המפכ""ל לטקס של המשטרה לקראת ראש השנה, והשניים הכחישו כי הם מסוכסכים בעקבות מחלוקת על מינויים במשטרה. לוי: ""אנחנו ממליצים והשר חותם, זו חובתו וזו זכותו""",חדשות|משפט ופלילים,data/pics/haaretz_0004_2a36a7d4.jpg,,haaretz,2025-09-15T08:49:13+00:00,,יהושע (ג'וש) בריינר,haaretz,he,84497
f4ecb4cf51bb010b68d1aa0cc731b53b93e393bf,"שמונה עריקים חרדים שהיו בדרכם לאומן נעצרו בנתב""ג",זהו גל המעצרים הגדול ביותר עד כה. העצורים מלווים על ידי ארגון המסייע לעריקים חסידי ברסלב וקשור לפלג הירושלמי הקיצוני. לפני כשבועיים ביקש אריה דרעי מראש הממשלה נתניהו למנוע כל סנקציות על עריקים שינסו לצאת מהארץ לאומן לקראת החג,חדשות|משפט ופלילים,data/pics/haaretz_0005_d072bd5c.jpg,,haaretz,2025-09-15T08:32:16+00:00,,אהרן רבינוביץ,haaretz,he,29325
fd0042ed0cb03e26e995cbcc1d03fe71fbdcc77d,"מושלת ניו יורק הודיעה על תמיכה בזוהרן ממדאני: ""בשיחות שלנו שמעתי מנהיג""","במאמר דעה בניו יורק טיימס קאתי הוקול הודיעה שתתמוך במועמד הפרוגרסיבי בבחירות לראשות העיר ניו יורק בנובמבר. ""למרות המחלוקות בינינו בשורה של נושאים, שמעתי מנהיג שרוצה לטפל ביוקר המחייה ולדאוג שילדים יהיו בטוחים ברחובות"", כתבה. ממדאני הודה לה: התנועה שלנו מתחזקת",חדשות|אמריקה,data/pics/haaretz_0006_24a89b79.jpg,,haaretz,2025-09-15T08:22:49+00:00,,ניו יורק טיימס,haaretz,he,18768
f583cf380808983e0a91f34a225f67d586e45636,"אוהדי מנצ'סטר יונייטד עדיין שרים על ההיסטוריה, אבל הסדר החדש בעיר לא ישתנה בקרוב","קהל החוץ של מנצ'סטר יונייטד הראה נוכחות ודאג להזכיר לאוהדי היריבה העירונית מי שלטו בעיר במשך שנים, אך הבעיות הרבות של הקבוצה צצו פעם נוספת - ומנצ'סטר סיטי קיבלה את הניצחון שהיתה זקוקה לו",ספורט|כדורגל בעולם,data/pics/haaretz_0007_a2d35de2.jpg,,haaretz,2025-09-15T08:20:48+00:00,,אמיר ענבר,haaretz,he,70961
fbe7ad47bdd2b60efc5bcf8ac1807a2652b964f8,"דיווח: הרמטכ""ל אמר בדיון סגור שנתניהו לא אומר לצבא מה השלב הבא במלחמה","לפי פרסום בידיעות אחרונות, זמיר אמר לח""כים בוועדת המשנה לענייני מודיעין שקרן הסיוע לעזה היא כישלון, וכי הוא ""לא מבין למה מוציאים על זה כסף"". לדבריו, ""אם ראש הממשלה רוצה ממשל צבאי, שיגיד""",חדשות|מדיני ביטחוני,data/pics/haaretz_0008_8a488ade.jpg,,haaretz,2025-09-15T07:28:02+00:00,,נעה שפיגל,haaretz,he,31095
503532b657ee36dfa482c7854ba541c02b571057,המוזיקה של הרמטו פסקואל התקיימה בטריטוריה משלה,"המוזיקה של הרמטו פסקואל, ""המכשף"", לא צייתה לחוקים והמגבלות המקובלים. בסוף השבוע הוא מת בגיל 89",תרבות|מוזיקה,data/pics/haaretz_0032_e26c1eac.jpg,,haaretz,2025-09-15T07:10:58+00:00,,בן שלו,haaretz,he,63053212
6161910bd06cf089a11762e350785fbe58a7580e,דלעת יהודיה־איטלקיה: מהמטבח של ונציה ועד הברכות של ראש השנה,"הדלעת, שהגיעה לאירופה עם גילוי אמריקה, הפכה לאחד המרכיבים המזוהים עם המטבח היהודי בצפון איטליה. בין טורטלי המנטובני לעוגות מתוקות, היא שימשה תחליף לבשר, סמל לענווה ולברכה – והפכה לירק של קהילה שלמה",אוכל,data/pics/haaretz_0010_7bcc6a08.jpg,,haaretz,2025-09-15T06:44:42+00:00,,דוד שושן,haaretz,he,1210886265
7b4b6a3385f3d4a93693893b77202120649de133,מושל יוטה: ברור לנו שהחשוד ברצח צ'ארלי קירק בא מהשמאל ועבר הקצנה,"לדברי המושל הרפובליקאי ספנסר קוקס, טיילר רובינסון ""צלל לחלקים האפלים של האינטרנט ועבר שם תהליך הקצנה"". בריאיון ל־NBC מתח קוקס ביקורת על הרשתות החברתיות וכינה את החברות הטק הגדולות ""יזמים של סכסוך שגורמים לנו להתמכר לזעם""",חדשות|אמריקה,data/pics/haaretz_0033_0833c273.jpg,,haaretz,2025-09-15T06:37:51+00:00,,גרדיאן,haaretz,he,82078
b916e5a289e9a5547a6823edc6c497d7ad96c1ca,דלעת בסגנון ונציאני,"מנה פשוטה אך עתיקה, שנולדה בקהילות היהודיות של ונציה: דלעת מבושלת ומוגשת בתיבול חמוץ־מתוק, שילוב טעמים אופייני למטבח הרנסאנסי שנשמר עד היום על שולחנות חגי תשרי",אוכל|מתכונים לראש השנה 2025,data/pics/haaretz_0012_95d5add2.jpg,,haaretz,2025-09-15T06:37:23+00:00,,דוד שושן,haaretz,he,69613
d4f2cf73638ee3705c7e0602ccafc7cc05e7dc2b,"כדורסל משחקים 40 דקות, ובסוף גרמניה מנצחת","דור שחקנים מעולה בהנהגת שחקן משנה ב-NBA שהופך לכוכב על באירופה, העניק את השליטה ביבשת אירופה לנבחרת גרמניה, שגברה על נבחרת טורקיה בגמר היורובאסקט. ועדיין, נראה שהעתיד שייך לאלפרן שנגון",ספורט|כדורסל,data/pics/haaretz_0013_d7180a4b.jpg,,haaretz,2025-09-15T06:30:40+00:00,,אודי הירש,haaretz,he,74557
b5515ce177bfb78ef4726c9e2429103385eb48fd,"אחרי שגרם לביטול בחירות ברומניה, מבצע השפעה זר מאיים לשבשן גם בישראל","רשת זרה פתחה קבוצות לשיתוף מתכונים וברכות שבת שלום – והכינה את הקרקע לכאוס בבחירות. העמודים הוסרו לאחר פניית ""הארץ""",חדשות|השירות החשאי,data/pics/haaretz_0014_812e2ac2.gif,,haaretz,2025-09-15T06:30:00+00:00,,עומר בן יעקב,haaretz,he,omertop2
1221b464186b6e4fb05e9c7d25989b0416f58b18,"מה היא באמת ""הציונות האמיתית""? (ב)","בבית הספר לימדו אותנו שאדמת הארץ נגאלה, כלומר נקנתה, מאפנדים ערבים וכך הוקמה המדינה. אלא שזה לא נכון. רק 7% מאדמות החלק של ארץ ישראל המנדטורית שהפך למדינת ישראל, היו קודם לפרוץ המלחמה בבעלות יהודית. שאר אדמות המדינה החדשה נגאלו על-ידי גירוש כ-750 אלף התושבים הפלסטינים שהתגוררו בה וגזל אדמותיהם.",דעות,data/pics/haaretz_0015_2aebd261.jpg,,haaretz,2025-09-15T06:30:00+00:00,,קובי ניב,haaretz,he,430160
d247be1127f0ffd889f0a8cd644c6ae31ae4cac9,למה דווקא אגדה בריטית תבוצע בחג המוזיקה הישראלית,"""הווילון של גברת לוגטון"" מאת וירג'יניה וולף תועלה בבכורה בחג המוזיקה הישראלית. וגם: ארוו פארט חוגג 90",תרבות|מוזיקה קלאסית,data/pics/haaretz_0016_2ee579da.jpg,,haaretz,2025-09-15T05:50:10+00:00,,חגי חיטרון,haaretz,he,63052496
4da1dd9c03f7d0b757f6c072882f8f0ba0fad9b6,"חדשות ספורט, 15 בספטמבר","בצל הניצחון הגדול מול הפועל טבריה ביום ראשון, שהסתיים בתוצאה 1:4 לטובת מכבי תל אביב אחרי שנקלעה לפיגור מוקדם, האלופה תעמוד לדין על התפרעות של אוהדיה. שופט המשחק, אוראל גרינפלד, ציין בדו""ח שלו כי בין היתר חפץ שנזרק מיציע אוהדי הצהובים פגע בראשו, וכי שני אוהדים פרצו לכר הדשא. עוד צוין כי המשחק הופסק חמש פעמים בשל השלכת חפצים מהיציע הצפוני שבו ישבו אוהדי מכבי.",ספורט|חדשות ספורט,,,haaretz,2025-09-15T05:26:42+00:00,,"כתבי ספורט ""הארץ""",haaretz,he,
6114e4b1d275fe6007c4f366c9d044b4f6552ef5,"ביום הראשון שלנו בגן העדן בזנזיבר, התבשרנו על גיהנום בישראל","איל העיר אותי בשבע בבוקר: ""משהו קיצוני קורה בדרום"". בכל שעה שעברה התגלה היקף האסון, והתלבטנו אם להמשיך במסע",משפחה|תשעה חודשים באפריקה,data/pics/haaretz_0018_dd58f805.jpg,,haaretz,2025-09-15T05:00:20+00:00,,שני סגינור רם,haaretz,he,66117
69d6814e8bfcfca84f3327e81e78d430e78aab8e,"בתי היקרה, כשתפלי - ואת עוד תפלי - אני אהיה פה לתפוס אותך","התיכון הוא תקופה קשה וחשובה. תהיי נאמנה לעצמך, תיזכרי את השאיפה המגעילה מהסיגריה ושהנשיקה הראשונה אף פעם לא מלהיבה כמו שמראים בסרטים | נועה נופר במכתב כן לבתה המתבגרת",משפחה,data/pics/haaretz_0019_3de6f1ce.png,,haaretz,2025-09-15T05:00:10+00:00,,נועה נופר,haaretz,he,untitled-artwork
0c1acf545a8195408bb3be50e42ec9a8827abf5c,הכירו את הרופא נטול המומחיות שהציג עצמו כפסיכיאטר - עד שעומת עם המציאות,"ד""ר סבה קום פרסם את עצמו שוב ושוב כפסיכיאטר וכ""בוגר התמחות"" בתחום, אף שלא סיים התמחות והוא רשום כרופא כללי בלבד. במרפאה הפרטית שלו הוא עוסק ב""רפואה פונקציונלית"", תחום שאינו מוכר בישראל",בלוגים|אשה עובדת,data/pics/haaretz_0020_ec8a2681.jpg,,haaretz,2025-09-15T05:00:00+00:00,,טלי חרותי-סובר,haaretz,he,65823
53276daba29bac9ae3666732139eb9b8301c6b87,פרשת מאי גולן: המשטרה פשטה על משרד השרה בירושלים וזימנה אותה לחקירה,"חוקרי להב 433 עצרו עורך דין המקורב לגולן ועיכבו חמישה נוספים לחקירת החשדות לשימוש בכספי ציבור שלא כדין והעסקה פיקטיבית. לדברי מקור במשטרה, אחד מהם הוא בעל עמותה המקורב לבן גביר",חדשות|משפט ופלילים,data/pics/haaretz_0021_318ac980.jpg,,haaretz,2025-09-15T04:50:10+00:00,,יהושע (ג'וש) בריינר,haaretz,he,522243-3
1ffef459091342812749fba548646286e2a0d4f1,"אמי 2025: ""התבגרות"" ו""האולפנים"" הן הזוכות הגדולות","""האולפנים"" זכתה בפרס הסדרה הקומית הטובה ביותר ו""התבגרות"" בפרס המיני-סדרה. ""דה פיט"" הפתיעה כשזכתה בפרס סדרת הדרמה הטובה ביותר. כוכבת ""האקס"" האנה איינבינדר חתמה את נאום הזכייה שלה בקריאה לשחרור פלסטין, חוויאר ברדם עטה כאפייה והתבטא נגד פעולות ישראל בעזה",תרבות|טלוויזיה,data/pics/haaretz_0022_b189266a.jpg,,haaretz,2025-09-15T03:15:26+00:00,,חן חדד,haaretz,he,81857
60af5304eb78585bc954156da02c72c270e675a9,"צלם המחאות בירושלים: ""רואים את ההבדלים על אמהות החטופים. הן הזקינו, הפנים שלהן שחו""","בשנה שעברה, לאחר רצח ששת החטופים במנהרה, הפך רן מלמד, פעיל חברתי ותיק, למתעד הרשמי של מחאת משמרת 101 בהובלת קרובות חטופים. לדבריו, ""חשוב שהחטופים ידעו שלא מוותרים עליהם, לא רק בצעדות ובהפגנות אגרסיביות, אלא גם בהפגנות שמובלות על ידי אהבת אם או דודה"" ■ אלו אירועי המחאה הצפויים היום",חדשות|קול קורא לשחרורם,data/pics/haaretz_0023_28ec798b.jpg,,haaretz,2025-09-15T03:01:49+00:00,,ניר חסון,haaretz,he,74117
d50f33c2a93c43332d353c6eb9978d6a11cd748a,"הבחירות לפרלמנט בסוריה ייצאו היום לדרך, אך האזרחים לא ינהרו לקלפיות","140 מתוך 210 חברי הפרלמנט ייבחרו באמצעות ""גופי בוחרים"" שהוקמו בכל מחוז, ו־70 חברי הפרלמנט הנותרים ייבחרו ישירות בידי הנשיא א־שרע. הבחירות לא יכללו את מחוז סווידא הדרוזי ואת המחוזות חסכה וא־רקה הכורדיים – ""בשל חששות ביטחוניים""",חדשות|המזרח התיכון,data/pics/haaretz_0024_22660813.jpg,,haaretz,2025-09-15T03:01:43+00:00,,ג'קי חורי,haaretz,he,448003
2d32cb2cdb82098471c7846f5c149d237d3502f5,לדינוזאורים ששלטו בדרום אמריקה היה מתחרה רציני ומסוכן במיוחד: תנין יבשה,"שרידים של טורף המכונה קוסטנסוצ'וס נמצאו ב-2020 בארגנטינה והורכבו לכדי שלד שמור היטב, עם גולגולת שהייתה מחוברת לעמוד שדרה מפרקי, כתפיים וירכיים. החוקרים מעריכים כי אורכו היה כ–3.5 מטר ומשקלו כ-250 ק""ג",מדע|אבולוציה,data/pics/haaretz_0025_467f1f81.jpg,,haaretz,2025-09-15T03:01:37+00:00,,ניו יורק טיימס,haaretz,he,065652-2
60935d850fb38235c50bc7cdbbf997a3e739d062,עכשיו הכל ברור: טבח 7.10 נגרם בגלל חיל האוויר הקפלניסטי,"""חדשות השבת"" עם אילה חסון, כאן 11",תרבות|ביקורת טלוויזיה,data/pics/haaretz_0026_5808c358.jpg,,haaretz,2025-09-15T03:01:30+00:00,,ענת קם,haaretz,he,63047185
0a2e25dd5e167ec80cce517abebe6460ca3a829d,נציב התלונות על הפרקליטות והתביעה: עיכוב לא מוצדק בחקירת התאונה של מאי גולן,"הנציב כתב בדו""ח כי קיים ""עיכוב משמעותי בטיפול אנשי אכיפת החוק בתיק"". הנציב גם ביקר את מהלך החקירה של בן גביר, ששלף לפני כארבע שנים אקדח בעימות עם שומרים ערבים בחניון בתל אביב",חדשות|משפט ופלילים,data/pics/haaretz_0027_b58c24fd.jpg,,haaretz,2025-09-15T03:01:24+00:00,,חן מענית,haaretz,he,521251
8d6ddb76490b2c0456fef282d7103d2b2813524d,"העדויות מתרבות: הלחץ הנפשי שובר לוחמים, ועוד ועוד יוצאים משירות קרבי","השהייה הרציפה באזורי הקרבות בעזה מתישה את נפשם של רבים. אחרים אינם יכולים לשאת עוד את ההרג השרירותי. על פי הערכות, מראשית המלחמה אלפי חיילים בסדיר כבר עזבו את החזית בלא כוונה לשוב, והמספרים רק עולים",חדשות|מגזין חדשות,data/pics/haaretz_0028_b3042616.png,,haaretz,2025-09-15T03:01:17+00:00,,תום לוינסון,haaretz,he,awol-homepage2-homepage2-homepage
cf4cbf7e65e56f331a486b514206b8d5d0b4675f,היריבים של מונדו דופלנטיס מקווים שמתישהו הוא ייתן להם לנצח. לא נראה שזה יקרה בקרוב,"מונדו דופלנטיס הוא השליט הבלתי מעורער של סבב הקפיצה במוט, והנפגעים העיקריים מכך הם חבריו לסבב, שנאלצים להתחרות על המקום השני בכל תחרות. למרות זאת, הם לא נוטרים טינה",ספורט|ענפים נוספים,data/pics/haaretz_0029_3ceddfd3.jpg,,haaretz,2025-09-15T03:01:11+00:00,,אמיר ענבר,haaretz,he,57823
31a195544f5fa79b7b15b166d59eb6a4a3db48c2,"טראמפ הוא היחיד שיכול למנוע מנתניהו לגרור את ישראל לאסון נוסף, אך לא בטוח שזה מעניין אותו","ראש הממשלה מתעלם מהרמטכ""ל זמיר ובכירי מערכת הביטחון שמתנגדים להמשך המלחמה ודוחף לשלוח עשרות אלפי חיילים לכיבוש העיר עזה, לסכן את חייהם, את חיי החטופים שהצבא לא יכול לערוב לביטחונם וחייהם של מאות אלפי פלסטינים",חדשות|מדיני ביטחוני,data/pics/haaretz_0030_79a89ae6.jpg,,haaretz,2025-09-15T03:01:10+00:00,,עמוס הראל,haaretz,he,63048444
73f5996cd00941c46f4357587113e4ed7c452b41,"בעולם של ""בלאדי מורי"" כשאת לא אמא — את כישלון עם רחם ושחלות","בעונה השנייה של ""בלאדי מורי"" הכל מתנקז לשאלת ההריון אצל אישה שכבר חצתה את גיל 38. לא רק שהמסר בעייתי, זה גם לא כל כך מעניין",תרבות|ביקורת טלוויזיה,data/pics/haaretz_0031_fc63d039.jpg,,haaretz,2025-09-15T03:00:58+00:00,,איתי זיו,haaretz,he,63035140
d2ccf0e1c2eb0fc47889fad7821820a7dcbc2338,"צ'רלי שין: ""זה סיפור שאני לא צריך לקחת איתי לקבר""","צ'רלי שין התפרסם כשחקן ולא פחות מזה בסגנון חיים קיצוני ומסוכן. עם צאת ממואר וסרט תיעודי עליו, הוא מגלה מה גרם לו להתפכח",תרבות|טלוויזיה,data/pics/haaretz_0032_37dd286b.jpg,,haaretz,2025-09-15T03:00:44+00:00,,ניו יורק טיימס,haaretz,he,63042711
a025602f992b6369e3e734bc4a45856a8c98152b,"""מקסין"": היא מקבלת הזדמנות לחצות את הקווים מפורנו לסרט אימה","הבמאי טיי וסט והשחקנית מיה גות שבים לשתף פעולה. ידע נרחב יותר בתולדות קולנוע האימה הפופולרי הוא יתרון בזמן הצפייה בסרט ""מקסין""",תרבות|מדריך צפייה,data/pics/haaretz_0033_d9f7a572.jpg,,haaretz,2025-09-15T03:00:17+00:00,,אורון שמיר,haaretz,he,63042758
2c163edfb42474935761587b0a47497a8e22a28d,"""הידוע בכינויו צ'רלי שין"" הוא סרט תיעודי מסחרר","בזכות כנות ברוטלית (או חוסר שליטה) שנדיר לראות אצל סלבריטאים, הדוקו על צ'רלי שין הוא מסע הרס עצמי פוטוגני",תרבות|ביקורת טלוויזיה,data/pics/haaretz_0034_6d2bd18d.jpg,,haaretz,2025-09-15T03:00:10+00:00,,ניב הדס,haaretz,he,63037441
a633a4a1def67d4b958f41b7f00c5b6fe0d2d77f,"פרשת הצוללות: כמה גיבורים אלמונים מדו""ח הביניים של ועדת החקירה","אחד הפרסומים שלי על פרשת הצוללות עסק בזמנו ביוסי כהן, והציב סימני שאלה על אחת מחוות הדעת שהיה חתום עליהן כראש המועצה לביטחון לאומי. אחרי הפרסום הזמין אותי כהן, אז כבר ראש המוסד, לפגישה. יצאתי ממנה משוכנע, שידו איננה במעל. לכל היותר רצה יותר מדי לרצות את בנימין נתניהו. המסקנה התבססה בעיקר על חוסר התמצאות קיצוני שהראה בפרשה: טעה בין עסקות, בִלבל ספינות עם צוללות, ונראה אבוד בניסיונו להסביר על מה חתם ולמה.",דעות,data/pics/haaretz_0035_519672e2.jpg,,haaretz,2025-09-15T03:00:00+00:00,,רביב דרוקר,haaretz,he,852154-2
e9a43124294c65814e043e83657a5e1e65c5c3a3,"ג'רי סיינפלד, אתה ליצן חצר של פושעת מלחמה","ג'רי סיינפלד הוא כיום היהודי הכי מפורסם ומשפיע בעולם. זאת ועוד, בזכות הסדרה שלו, הוא גם האיקון התרבותי הגלובלי שהכי מזוהה עם מוצא אתני יהודי. לכן הגיע הזמן להביע את שאט הנפש והאכזבה שהוא מעורר ביחסו הכהניסטי לפשעי המלחמה שישראל מבצעת בעזה. את סיינפלד סבל העזתים מעניין בערך כמו שאת דמותו בסדרה עניין כאב הזולת. משמע, לא אכפת לו כלל. רצח עם? רעב המוני? הרג סיטוני, חסר הבחנה ומכוון של אזרחים עזתים תמימים? לא מזיז לו את קצה האצבע.",דעות,data/pics/haaretz_0036_3a7c7243.jpg,,haaretz,2025-09-15T03:00:00+00:00,,רוגל אלפר,haaretz,he,995024
f1a0e455c9228c88ef9882b277b77c9932e7a3c1,ההסדר של חדשות 12 ו־13 עם חנמאל דורפמן פוגע עוד יותר באמון הציבור בתקשורת,"בשבוע שעבר נפלה עוד לבנה בחומת המגן של העיתונות הישראלית, המצטיירת בשנתיים האחרונות כהולוגרמה של ביצורים. חדשות 12 ו–13 הגיעו להסדרים סודיים עם חנמאל דורפמן, ראש המטה ויד ימינו של השר לביטחון לאומי, איתמר בן גביר. לפי ההסדרים, הערוצים יסירו פרסומים שעסקו בו, והוא ימשוך את תביעתו נגדם. על פי פרסום ב""הארץ"" (ג'וש בריינר), ההסכם נוגע לחשיפה מ–2022 ולפיה דורפמן שימש יועץ בעמותת ""שלום אסירייך"", שסייעה לאסירים ביטחוניים יהודים ותמכה כלכלית במחבלים יהודים.",דעות,data/pics/haaretz_0037_57512235.jpg,,haaretz,2025-09-15T03:00:00+00:00,,נועה לימונה,haaretz,he,114157
3cb1a51044ab89a9dd73aeb9e5536f7c258faad1,מה שוויים של מנהיגי מדינות ערב? אפס!,"מנהיגי מדינות ערב שווים לאפס, וזה במקרה הטוב. הם יושבים על משבצת המינוס במפת הסדר העולמי: אין השפעה, אין קול ואין פנים. מנהיגים אלה מדוכאים בידי מעצמת־העל האמריקאית, ומנגד מדכאים את עמיהם שלהם. במקביל, מילה אחת של אחרון השרים במדינת ישראל משפיעה על מעצמת־העל יותר מכל העולם הערבי על מאות המיליונים החיים בו.",דעות,data/pics/haaretz_0038_d77b34aa.jpg,,haaretz,2025-09-15T03:00:00+00:00,,עודה בשאראת,haaretz,he,27417
57154796c1b256e4a602f5449b23157472bb8eaf,"""הונג באו"": אלו הכיסונים הכי טובים בתל אביב. קשה להאמין שיחזיקו עוד הרבה","דוכן חדש ולא אופייני בשרונה מרקט מציע כיסונים סיניים בעבודת יד מרהיבה, אבל במחירים שעלולים להבטיח לו אורך חיים קצר מדי",אוכל|אוכל בעמידה,data/pics/haaretz_0039_eed190aa.jpg,,haaretz,2025-09-15T03:00:00+00:00,,ערן לאור,haaretz,he,50432
e210d850e3498d1f017841821670e4ea4cc0fc1e,"חדשות היום, 15 בספטמבר","השרה מאי גולן, שהייתה אמורה להתייצב לחקירה בעניינה בלהב 433, באה לבית משפט השלום בראשון לציון לדיון בהארכת המעצר של שישה ממקורביה. גולן אמורה להיחקר בחשד להעסקה פיקטיבית ולשימוש בכספי ציבור לצרכים פרטיים באמצעות עמותות.",חדשות|חדשות היום,data/pics/haaretz_0040_8f9d8ee4.png,,haaretz,2025-09-14T21:59:52+00:00,,חדשות היום,haaretz,he,htz-share
1b42ae6899889c248baa24677b02168902b589ec,א־סיסי בדוחה: פעולות ישראל מחבלות בהסכמי שלום קיימים עם מדינות באזור,בסוף החודש שעבר,חדשות|ישראל במלחמה – עדכונים,data/pics/haaretz_0034_ca86a2d8.jpg,,haaretz,2025-09-14T21:54:42+00:00,,"כתבי ""הארץ""",haaretz,he,89463
abc15a818c885444115559415af4b08b89738502,מנהיגי מדינות המפרץ: להפעיל את מנגנון ההגנה הקולקטיבי עקב התקיפה בדוחה,"שרת ההתיישבות והמשימות הלאומיות אורית סטרוק התייחסה לרשות הפלסטינית ואמרה כי ""היא נולדה בחטא ויש להיפטר ממנה. חייבים להעביר את הרשות מהעולם"". סטרוק אמרה את הדברים בכנס ערוץ 7 ומועצת שומרון והוסיפה: ""רוב חבלי הארץ שמסרנו באיוולת לרשות הפלסטינית צריכים לחזור לידינו"".",חדשות|ישראל במלחמה – עדכונים,data/pics/haaretz_0005_539e9e7c.jpg,,haaretz,2025-09-14T21:54:42+00:00,,"כתבי ""הארץ""",haaretz,he,088337
392e13e4f00cbde30bd2c46daa4127eaa5c54acd,ברצועה מדווחים על תקיפות נרחבות בצפון ובמערב העיר עזה,"המשטרה עצרה שני מפגינים בחשד כי חסמו את דרכו של רוכב קטנוע, הפילו את כלי רכבו וכתוצאה מכך גרמו נזק לרכב בהפגנה למען שחרור החטופים ברחוב בגין בתל אביב.",חדשות|ישראל במלחמה – עדכונים,data/pics/haaretz_0001_92a180cd.jpg,,haaretz,2025-09-14T21:54:42+00:00,,"כתבי ""הארץ""",haaretz,he,090464
52b403efd80b3f103fdac134219eb4fa5d5037a1,"צה""ל פתח בגל תקיפות נרחב בצפון ובמערב העיר עזה","צה""ל הודיע כי חיל האוויר תקף מבנה מפקדה של חזבאללה בעיירה נבטיה בדרום לבנון. סוכנות הידיעות הלבנונית דיווחה כי ישנם שבעה פצועים בעקבות התקיפה. בהודעת הצבא נמסר כי ""ארגון הטרור חיזבאללה ממשיך בניסיונות שיקום של תשתיות טרור ברחבי לבנון. צה""ל ימשיך לפעול על מנת להסיר כל איום על מדינת ישראל"". ס",חדשות|ישראל במלחמה – עדכונים,data/pics/haaretz_0005_92a180cd.jpg,,haaretz,2025-09-14T21:54:42+00:00,,"כתבי ""הארץ""",haaretz,he,090464
3b27837a2b9c1742e434f5315a9fb1ca5d338564,"הממשלה לבג""ץ: נדון בהדחת היועמ""שית לפי המתווה שהצעתם, אך בתנאים שלנו","הממשלה הודיעה כי תסכים להתייעץ עם ועדת גרוניס רק בתנאי שתוכל להתכנס גם ללא שר משפטים לשעבר ושההליך יסתיים תוך שבועיים מפנייתה לוועדה. בחודש הבא פורשים שניים מחברי הוועדה, בהם גרוניס, וההערכה היא כי נשיא ביהמ""ש העליון יצחק עמית יבחר נציג שיתנגד נחרצות לפיטורים",חדשות|פוליטי,data/pics/haaretz_0042_28034d91.jpg,,haaretz,2025-09-14T21:34:31+00:00,,חן מענית,haaretz,he,235608
efc38a49c100e87a27aca61ddb56c4b36848bbc7,סיכום השבוע במשחקים: מה שהתחיל עם ליקוי לבנה הסתיים עם חור בלבנה,"שבוע טוב שחקניות ושחקנים יקרים,",משחקים|סיכום שבוע,data/pics/haaretz_0043_a1be8e6f.jpg,,haaretz,2025-09-14T21:33:14+00:00,,ענת קם,haaretz,he,987402
c977eb835d0f3e49ea4d2c860787478288b779fc,קריקטורה יומית | 15 בספטמבר 2025,"חדשות, ידיעות מהארץ והעולם - הידיעות והחדשות בעיתון הארץ. סקופים, מאמרים, פרשנויות ותחקירי עומק באתר האיכותי בישראל© כל הזכויות שמורות להוצאת עיתון הארץ בע""מ",דעות|קריקטורה יומית,data/pics/haaretz_0044_6d7d2cab.png,,haaretz,2025-09-14T21:02:57+00:00,,עמוס בידרמן,haaretz,he,capture
00f12aa63ca01854b3921b84efa7732cb0525fda,קיש צופה קדימה — אל הפריימריז. המסלול לשם עובר דרך סיורים בגדה המערבית,"מפעל ההתנחלויות פועל כדת מיסיונרית: מנצל את אחיזתו בממשלה כדי להפיץ את דת ההתנחלויות, ואין מקום מתאים להסללות אידיאולוגיות יותר מאשר מערכת החינוך. משרד החינוך הודיע למנהלי בתי הספר, כי סיורים לימודיים ימומנו על ידו באופן מלא רק כשמדובר בסיורים לגדה המערבית, בזיקה לסיפורי התנ""ך (נועה לימונה, ""הארץ"", 13.9).",דעות|מאמר מערכת,data/pics/haaretz_0045_a33185a8.jpg,,haaretz,2025-09-14T21:02:50+00:00,,מאמר המערכת,haaretz,he,476305-2
0e0c94ef6daee63edb33ae19acdfc82bd63214b7,גרמניה זכתה באליפות אירופה בכדורסל אחרי ניצחון על טורקיה בגמר,הגרמנים ניצחו 83:88 בדרך לזכייה שנייה באליפות אירופה בתולדותיהם. אייזק בונגה הוביל את המנצחת עם 20 נקודות,ספורט|כדורסל,data/pics/haaretz_0046_031577cb.jpg,,haaretz,2025-09-14T19:53:35+00:00,,אריה ליבנת,haaretz,he,74545
e8d1c353b70fa88d63dfb013b332d302ec4821a4,"יום לפני משפט מכריע לאופוזיציה, רבבות הפגינו באנקרה נגד ממשלת טורקיה וקראו לארדואן להתפטר","בית המשפט עשוי להכריע מחר אם לבטל את ועידת מפלגת האופוזיציה המרכזית מ־2023 ולהדיח את מנהיגה אוזגור אוזל בשל אי סדרים. הפסיקה עשויה לערער את האופוזיציה, לטלטל את הכלכלה ולהשפיע על מועד הבחירות הכלליות שנקבעו ל־2028. אוזל: ""זה משפט פוליטי. מה שנעשה כאן זה הפיכה – הפיכה נגד הנשיא העתידי, נגד הממשלה העתידית""",חדשות|המזרח התיכון,data/pics/haaretz_0047_c0db241f.jpg,,haaretz,2025-09-14T19:31:04+00:00,,רויטרס,haaretz,he,69184
f2d63d55d3325f7586eee5d10865b221e6ed2257,"הפועל באר שבע הביסה את הפועל ירושלים 1:5, ושמרה על מאזן מושלם בליגה","שלושער של דן ביטון (6, 55, 86), שער של גיא מזרחי (28) ושער עצמי של השוער נדב זמיר (3+90) העניקו להפועל באר שבע את ניצחון הליגה השלישי שלה העונה. גיא בדש צימק בדקה ה-60",ספורט|כדורגל ישראלי,data/pics/haaretz_0048_39613133.jpg,,haaretz,2025-09-14T19:14:23+00:00,,ספורט הארץ,haaretz,he,72634
be5a0f665e8325ccd3eee674509caf3425fd4752,"הענקת דרגות לבכירים במשטרה שתוכננה למחר בוטלה בעקבות עימות בין בן גביר למפכ""ל","מקורות במשטרה אמרו ל""הארץ"" שבן גביר נמנע עד כה לחתום על דרגותיהם של כמה מהמינויים שאושרו על ידי צמרת המשטרה, למרות דרישת המפכ""ל. העימות נוגע גם לדברי לוי בריאיון כי המשטרה ""תקשיב קודם כל לבג""ץ"" במקרה של משבר חוקתי",חדשות|משפט ופלילים,data/pics/haaretz_0049_ac3c5a8c.jpg,,haaretz,2025-09-14T18:59:47+00:00,,יהושע (ג'וש) בריינר,haaretz,he,236893
095dc6dc940bd0f118c1cab261f6cc122d35a66b,"בצה""ל שוקלים להתחיל בקרוב בתמרון בעיר עזה, אף שרק כרבע מתושבי העיר עזבו","לפי ההערכות בצה""ל, כ־300 אלף בני אדם עזבו עד כה את העיר, והרוב המכריע של התושבים צפוי לעזוב רק כשתתחיל הפעילות הקרקעית. בניסיון לצמצם את הביקורת הבינלאומית, פרסם היום מתפ""ש כי צה""ל פעל לתגבר את בתי החולים ברצועה, ואישר הכנסת דלקים לצורך תפעול תשתיות חיוניות",חדשות|מדיני ביטחוני,data/pics/haaretz_0050_1aa0aa0f.jpg,,haaretz,2025-09-14T18:55:52+00:00,,יניב קובוביץ,haaretz,he,69068
4ab06abc16b291c1629ab3fc272563fda6d6c93a,מפלגת הימין הקיצוני כמעט ושילשה את כוחה בבחירות מקומיות במדינה המאוכלסת ביותר בגרמניה,"הבחירות בנורדריין־וסטפאליה שימשו מבחן אלקטורלי ראשון לקנצלר פרידריך מרץ מאז בחירתו לפני ארבעה חודשים. אף שמפלגתו השמרנית שמרה על כוחה, ההישג של אלטרנטיבה לגרמניה (AfD) על רקע כלכלה מוחלשת, עלייה באבטלה וגידול בתחושת אי־נוחות ציבורית מההגירה, מעיד על אתגר פוליטי הולך וגובר לממשלתו",חדשות|אירופה,data/pics/haaretz_0035_b3050153.jpg,,haaretz,2025-09-14T17:40:37+00:00,,גרדיאן,haaretz,he,72204
fc97b281664bb52b21608e866ba9737e4dc926dc,אימו של גיא גלבוע־דלאל: הודיעו לי שהבן שלי נמצא לבדו מעל הקרקע בעיר עזה ומשמש מגן אנושי,"""כשאת יודעת שהבן שלך הוא מגן אנושי זה התחתית של התחתית"", אמרה מירב גלבוע־דלאל בריאיון לגלי צה""ל. מטה משפחות החטופים פנה לראשי מערכת הביטחון: ""אל תיתנו יד לפגיעה ברורה, צפויה ומכוונת בחטופים. כל חטוף שייפגע הוא באחריותכם""",חדשות|מדיני ביטחוני,data/pics/haaretz_0052_fccc646c.jpg,,haaretz,2025-09-14T17:28:16+00:00,,הארץ,haaretz,he,968247-3
0f9e4be7b03ed97c1e7af9efdc07a68e2186bd80,"""זה לא קרה בטעות, רוסיה מנסה לבחון את נאט""ו"": אחרי פולין, כטב""מים רוסיים חדרו לשטח רומניה","ורשה טוענת שמוסקבה בוחנת את גבולות ההרתעה, רומניה גינתה את הפרת המשפט הבינלאומי, ובמערב מתנהל ויכוח על מתן ערבויות ביטחוניות לאוקראינה בתום המלחמה. שליח טראמפ לאוקראינה: הוא הולך ונעשה מתוסכל מפוטין",חדשות|אירופה,data/pics/haaretz_0053_55d01a2e.jpg,,haaretz,2025-09-14T17:08:50+00:00,,גרדיאן,haaretz,he,25383
6dc59d3382cfaee4f7b1c34dfdd4a015b07374cb,"דוד זיני רואה עצמו בתור בר כוכבא: עבורו, למלחמה יש ממדים תיאולוגיים",פרופסור במחלקה לספרות עברית באוניברסיטת בן־גוריון בנגב,דעות,data/pics/haaretz_0054_cebfc401.jpg,,haaretz,2025-09-14T17:00:00+00:00,,חיים וייס,haaretz,he,662123-6
672cc2fd53ad328a794acaff944d661d4db4c405,ההיסטוריה לא תסלח. היא תזכור שהחברה הישראלית העלימה עין מול השמדת עזה,"חבר כנסת ויו""ר מפלגת תע""ל",דעות,data/pics/haaretz_0055_b02c387e.jpg,,haaretz,2025-09-14T17:00:00+00:00,,אחמד טיבי,haaretz,he,54040
e8ee5a2c532bd16ba7ab209c50a6a2bead50d71a,האם מנהיגי החברה האזרחית של 7 באוקטובר יכולים להיהפך גם לכוח פוליטי?,"הכותבת היתה משנה ליועץ המשפטי לממשלה; היא חברה בארגונים ""יש דין"", ""עומדים ביחד"" ו""זזים"", ומידידי ""שוברים שתיקה""",דעות,data/pics/haaretz_0056_108f41ea.jpg,,haaretz,2025-09-14T17:00:00+00:00,,יהודית קרפ,haaretz,he,2374
1a4d5f861b1b2911d673fca1fbb90c142f415d50,בדרך מעזה לבית החולים | 15.9.2025,"הארץ""",דעות|מכתבים למערכת,data/pics/haaretz_0057_63673661.jpg,,haaretz,2025-09-14T17:00:00+00:00,,הארץ,haaretz,he,38770
17a5d2cb5fc42c60da38eea5682aab848b42676c,"כשבפיו מקטרת ועל גבו תיק עם מזרקים איסר פולניצר ז""ל הציל חיים רבים","בצהרי יום שלישי בחודש שעבר מצאו חסרות בית מכורות לסמים מחסה מהשמש הקופחת במרכז החדש של תוכנית ""יזהר"" בתל אביב, התוכנית הלאומית למיזעור נזקי סמים, זנות וחיים ברחוב, הפועלת מטעם האגודה לבריאות הציבור בשיתוף משרד הבריאות והרשות הלאומית לביטחון קהילתי. מ' השדופה חגה ברעב ניכר סביב שולחן האוכל הגדוש, בעוד א' חיפשה לעצמה בגדים מתאימים בקומה העליונה, כשהיא בוחנת את דמותה במראה.",דעות|שטח הפקר,data/pics/haaretz_0058_f8d9db48.jpeg,,haaretz,2025-09-14T17:00:00+00:00,,ורד לי,haaretz,he,whatsapp-image-2025-09-14-at-16-29-33
62bceafe4b65c02160451c4f4f4f23e568d5f2bc,"כן, זו אנטישמיות",הארץ,דעות|מכתבים למערכת,data/pics/haaretz_0059_0924906a.jpg,,haaretz,2025-09-14T17:00:00+00:00,,יהושע עמישב,haaretz,he,39931
9506ef957dcd222d58712a220e5504c59629ddf2,הקטע האחרון בוואלטה הופסק לאחר עימותים בין פרו־פלסטינים למשטרה במדריד,"יותר מ-1,000 שוטרים הוצבו במדריד לקראת הקטע ה-21 במירוץ מחשש להפגנות גדולות, שהתמקדו בקבוצת ישראל פרמייר טק על רקע המלחמה בעזה ■ המארגנים הודיעו כי יונאס וינגגור זכה בתחרות",ספורט|ענפים נוספים,data/pics/haaretz_0060_5d0f8635.jpg,,haaretz,2025-09-14T16:34:21+00:00,,רויטרס,haaretz,he,70676
8fde25a52c89822242f2a1d4c07b74afb7404ee6,אמרו שימי התהילה של ג'מייקה נגמרו אחרי יוסין בולט. הרצים שלה הוכיחו אחרת,"נואה ליילס היה בטוח שיזכה בעוד מדליית זהב, אבל סביל ותומפסון עמדו לפניו על הפודיום ■ לונה צ'מטאי-סלפטר נמצאת בפרשת דרכים ■ בגמר ה-10,000 מטר היתה הפתעה שלא נראתה כבר 42 שנה ■ אי אפשר היה שלא להתרגש יחד עם ואלרי אלמן",ספורט|מגרש ביתי,data/pics/haaretz_0061_23e20f68.jpg,,haaretz,2025-09-14T16:06:32+00:00,,עוזי דן,haaretz,he,68554
c600c04249b2aa6de1b400c5188f52e06b9c0954,"הזכייה של יובל לוי בגמר ""האח הגדול"" מראה שלישראלים נמאס מגברים רעילים","גברים שזוכים לאהדה ציבורית בשנים האחרונות אינם רק ""קשוחים"", אלא גם מי שמפגינים רגישות ושבריריות. אתמול, בזכייתו של לוי, הצופים הראו שיש מחיר להתבטאויות שוביניסטיות וש""חזק"" יכול להישמע אחרת",משפחה,data/pics/haaretz_0062_fd843986.jpg,,haaretz,2025-09-14T15:58:24+00:00,,שיר שחף,haaretz,he,65379
193abea915fd997cba7c04796da23bd2cfb04c8e,ראש ממשלת ספרד הביע תמיכה במפגינים הפרו־פלסטינים בוואלטה א'אספניה,"""יש לי כבוד והערכה לספורטאים, ולעם הספרדי שמתגייס למען מטרות צודקות כמו פלסטין"", אמר ר""מ ספרד פדרו סנצ'אס ■ מנהיג מפלגת העם השמרנית גינה את הדברים",ספורט|ענפים נוספים,data/pics/haaretz_0063_1ace88c0.jpg,,haaretz,2025-09-14T15:38:46+00:00,,רויטרס,haaretz,he,69772
a1debe4cdc982773dc8e5426c7f8af88acd1248e,"פוליטיקאים מריירים מהמחשבה על זהות המתנקש, אבל למה הציבור מתמסר לזה?","האשמת האחר באלימות תוך ניקיון עצמי קורבני הוא מנגנון נפוץ במלחמות המשתכפלות בחברות השונות. וגם: מה יעלה בגורל משבר הנדל""ן, רשת זרה מכינה את הקרקע לשיבוש הבחירות בישראל, ריזורט בסנטה קתרינה וסדרה שבדית קלילה | היום ביומית",דיגיטל|היומית,data/pics/haaretz_0064_275ddc58.jpg,,haaretz,2025-09-14T15:37:19+00:00,,רוית הכט,haaretz,he,37011
1ecba83a3fc419f77a1afc535d5b57137fb82c33,מקורות המעורים בפסגה בקטאר: לא יוחלט על צעדים מעשיים נגד ישראל בגלל לחץ אמריקאי,"ראש ממשלת קטאר אמר בפתח הפגישה עם שרי החוץ של סעודיה, איחוד האמירויות, מצרים, ירדן והרשות הפלסטינית, כי ישראל ""מתכוונת לסיים את הסוגיה הפלסטינית בכוח"", וכי התקיפה בארצו מוכיחה שבכוונתה ""לדחות כל מסלול לשלום"". בכלי תקשורת במדינה דווח כי נוסח טיוטת ההצהרה כולל בעיקר גינוי לישראל והוא צפוי להיות מאושר מחר",חדשות|המזרח התיכון,data/pics/haaretz_0065_5e468841.jpg,,haaretz,2025-09-14T15:28:45+00:00,,ג'קי חורי,haaretz,he,72293
3f6d9334afb2d7ff0d73dedbf0d4f7414e184053,הסרט על מסע ההצלה של נעם תיבון זכה בפרס בפסטיבל טורונטו,"""הדרך שבינינו — החילוץ האולטימטיבי"", על מסע ההצלה של נעם תיבון את משפחתו מנחל עוז, זכה בפרס בחירת הקהל לסרט הדוקו הטוב ביותר. הפרס לסרט עלילתי הוענק ל־Hamnet של קלואי ז'או",תרבות|קולנוע,data/pics/haaretz_0066_75c3ac38.jpg,,haaretz,2025-09-14T15:28:29+00:00,,נירית אנדרמן,haaretz,he,63047009
9f5cd9f46d019c81df51729d56c0ffb8326ed6bb,חברת הקוסמטיקה וולדה תחקור את קשריה לניסויים היפותרמיים שערכו הנאצים בבני אדם במחנה דכאו,"מחקר היסטורי חדש טוען שהחברה הבינלאומית קיבלה צמחי מרפא ממטע שפעל במחנה ההשמדה הגרמני, ובתמורה סיפקה לנאצים קרם ששימש לניסויים אכזריים באסירים. וולדה הודיעה שתתחייב לחשיפה מלאה של עברה",חדשות|אירופה,data/pics/haaretz_0067_59cb1abd.jpg,,haaretz,2025-09-14T14:49:32+00:00,,עופר אדרת,haaretz,he,509180
411b9f12641ed03186110d700131430b7d93a7ac,"בהפגנות הבודדים בצומת בירושלים, למדתי מה זה ""רק ביבי""","אודה על האמת, השתתפות בהפגנות בינוניות וגדולות מועילה ואפילו נעימה. פוגשים חברים ותיקים, מכירים חדשים ובעיקר זוכים לחיזוק ולנחמה, שכן השותפות עם אנשים שלא מוותרים מעוררת תקווה.",דעות,data/pics/haaretz_0068_9fb2f781.jpeg,,haaretz,2025-09-14T14:22:48+00:00,,טובה הרצל,haaretz,he,hafgana
ac1e0ba976d648951829bc2ebed8d74a1906768a,"""החברה"": לכו תדעו מי נכנס הביתה","גם אם הדמויות ב""החברה"" חסרות אמינות, זהו מותחן מסקרן המיטיב להתייחס לחששות של הורים לפגוש את בני הזוג של ילדיהם",תרבות|ביקורת טלוויזיה,data/pics/haaretz_0069_e334dac4.jpg,,haaretz,2025-09-14T13:59:14+00:00,,חן חדד,haaretz,he,63042033
ec3f06850ae02052327ff287a0533011ab9a57be,"צה""ל מוסיף לתקוף רבי־קומות בעזה; כץ: ""קו הרקיע של עזה משתנה""","תקיפות חיל האוויר בעזה מחריפות, והצבא הודיע כי היום הותקפו ארבעה בניינים רבי־קומות בעיר. אחד מהם הוא מתחם האוניברסיטה האסלאמית, שלדברי הצבא שימש את חמאס. משרד הבריאות בעזה: 68 נהרגו ביממה האחרונה, שניים נוספים מתו מתת־תזונה",חדשות|מדיני ביטחוני,data/pics/haaretz_0070_a53e675b.jpg,,haaretz,2025-09-14T13:52:39+00:00,,ג'קי חורי,haaretz,he,067312-2
a49086dcaed68bcbe2d8a89177a5beab3f0b2e75,אובליק סביל זכה בזהב ב-100 מטר באליפות העולם; מליסה ג'פרסון-וודן ניצחה בנשים,"סביל הג'מייקני עצר את השעון על 9.77 שניות, בעוד בן ארצו קיישין תומספון חצה את קו הסיום שני, 0.05 שניות אחריו. נואה ליילס האמריקאי זכה במדליית הארד (9.89) ■ ג'פרסון-וודן האמריקאית זכתה בזהב עם 10.61 שניות, טיה קלייטון וג'וליאן אלפרד זכו בכסף ובארד",ספורט|ענפים נוספים,data/pics/haaretz_0071_c8a129c2.gif,,haaretz,2025-09-14T13:25:11+00:00,,עוזי דן,haaretz,he,a623vs
0a5f57f3b761158ffc8740bd0a6239c92396ffff,המנצח אילן וולקוב קרא למדינות העולם: עשו הכל כדי לעצור את המלחמה בעזה,"בסיום קונצרט בלונדון פנה וולקוב לקהל: ""אני אוהב את ישראל, אבל מה שקורה נורא ואיום"". בשיחה אחר כך סיפר: ""עשיתי את הדבר הקטן שלי שיכולתי לעשות בסיטואציה המזעזעת שאנחנו נמצאים בה""",תרבות|מוזיקה קלאסית,data/pics/haaretz_0072_0d7f1db9.jpg,,haaretz,2025-09-14T13:03:05+00:00,,שי רינגל,haaretz,he,63045131
c3c2dc6c541d57b4da73f352599164730c447ef0,"השרים השתלחו ביועמ""שית בישיבת הממשלה; אמסלם: נציב שב""ס נחקר רק כי הוא כורדי","השר קיש התרעם כי מחאות אלימות נערכות מול ביתו יום־יום, ונתניהו טען כי ""אין אכיפה ביחס למסיתים"". מטה המשפחות: אילו היו מוטרדים מהחטופים כמו שהם מוטרדים מההפגנות – כולם כבר מזמן היו בבית",חדשות|פוליטי,data/pics/haaretz_0073_8a95b908.jpg,,haaretz,2025-09-14T12:52:44+00:00,,יהונתן ליס,haaretz,he,65976
f5c38e179f1d6f95e22eb401f772126d44e26031,"הילה רוח: ""כל ההיסטוריה אנשים עשו אמנות. זה בסדר גם כשהכל מסביב בוער""",תרבות יום א' עם ניב הדס וגילי איזיקוביץ:,,data/pics/haaretz_0074_3529d4c6.jpg,,haaretz,2025-09-14T12:34:56+00:00,,תרבות יום א',haaretz,he,62979640
740e30601094ca9d0d7c637344b0ff5eebed4eb3,"לא יכול להיות שראינו דבר כזה. הוא מכשף, הוא אומן, הוא מתאגרף על","טרנס קרופורד עלה בקטגוריית המשקל וריסק את האלוף המכהן, אימת הזירה, קנלו אלבארס. איך? כי הוא עשה הכל מושלם",ספורט|ענפים נוספים,data/pics/haaretz_0075_6f354534.gif,,haaretz,2025-09-14T12:23:49+00:00,,גיל ססובר,haaretz,he,canelo-alvarez-vs-terence-crawford-full-highlights-netflix
694050a1616343ed4d651310b91ff55eb28daa4b,"1,500 שוטרים יאבטחו את סיום הוואלטה מחשש לשיבושים בידי פרו פלסטינים","לקראת סיום המירוץ בספרד מסרו הרשויות כי נוכחות משטרתית כבדה תוצב במדריד, כאשר צפויות מחאות פרו-פלסטיניות נוספות נגד הקבוצה ישראל פרמייר-טק. בעשרת הקטעים האחרונים, שישה קוצרו או הופסקו בגלל התפרעויות מפגינים, בעוד יותר מ-20 בני אדם נעצרו על ידי המשטרה",ספורט|ענפים נוספים,data/pics/haaretz_0076_ee1883a7.jpg,,haaretz,2025-09-14T12:01:24+00:00,,אי־פי,haaretz,he,54191
ee27858d08de65eb9aa328ee724ada91e0c37a55,האם בדיקת דם תאפשר למנוע התאבדות של חולים עם הפרעה דו־קוטבית?,"אלגוריתם שפיתחו חוקרים מאוניברסיטת חיפה הצליח לנבא ברמת דיוק של מעל 95% מי מהחולים נמצא בסיכון לאובדנות. ההישג התאפשר לאחר זיהוי חתימה גנטית ייחודית בתאי דם, שעל פיה אומן המודל",בריאות,data/pics/haaretz_0077_05c2d2b9.jpg,,haaretz,2025-09-14T12:00:50+00:00,,עידו אפרתי,haaretz,he,25984
6ac26e30c0d14e461133d1eb8302aa16230c6bbc,"נתניהו ורוביו ביקרו בכותל, לנשים לא הותרה גישה לסיקור הביקור","אנשי אבטחה הסבירו לעיתונאיות, שלא הורשו לגשת לאזור שעומדים בו העיתונאים הגברים, כי הסיבה להפרדה היא שראש הממשלה ומרקו רוביו ביקשו להתפלל במקום",חדשות|מדיני ביטחוני,data/pics/haaretz_0078_7cd02b2d.jpg,,haaretz,2025-09-14T11:52:58+00:00,,ליזה רוזובסקי,haaretz,he,whatsapp-image-2025-09-14-at-15-02-13-dae7d165
991a603091390825b6d577098fbf6663484f621a,"נתניהו רצה לנפח את החשיבות הביטחונית של ארנון מילצ'ן. המלמ""ב בא לעזרו","800 השופטים בישראל הם ברובם נשים וגברים ישרות והגונים, הנשבעים בכנות לעשות משפט צדק ולהימנע ממשוא פנים. אלא שיושרה והוגנות לא מבטיחות שבצידן יהיו גם תבונה ויצירתיות. שופטים הפוחדים לחדש מתבצרים מאחורי תקדימים ואינם ניחנים בראיית הנולד יותר מכל אזרח אחר. התוצאה האומללה: בג""ץ ה-11:0 שהכשיר את הנאשם נתניהו כראש ממשלה, בדרך להפיכה המשטרית – שאחד מיעדיה הוא אותו בג""ץ – ול-7 באוקטובר המתמשך.",דעות,data/pics/haaretz_0079_41ce82d6.jpg,,haaretz,2025-09-14T11:45:20+00:00,,אמיר אורן,haaretz,he,18028
3c15bd91d57369faa56c22c7b7470a5b12c2e9cf,"לאחר ביטול קונצרט בהשתתפותו, הביע ראש ממשלת בלגיה תמיכה במנצח להב שני","""לעולם לא יהיה מקום לגזענות ואנטישמיות במדינה הזאת"", צייץ בארט דה ובר, שנכח אתמול בקונצרט של הפילהרמונית של מינכן לאות הזדהות עם שני",תרבות|מוזיקה קלאסית,data/pics/haaretz_0080_0fdafe83.jpg,,haaretz,2025-09-14T11:11:07+00:00,,גרדיאן,haaretz,he,105974
6cce9669c4a575f86f6d3353c53b90c8945cce2e,"משרד הביטחון: 55% מנפגעי המלחמה סובלים מפגיעה נפשית, לכל עובד שיקום יש 750 מטופלים","באגף השיקום מעריכים שיהיו 100 אלף נכי צה""ל עד 2028, שנתיים מוקדם מהצפוי, בשל התארכות המלחמה. על פי נתוני משרד הביטחון, 64% מהמטופלים הם משרתי מילואים",חדשות|חינוך וחברה,data/pics/haaretz_0081_43287622.jpg,,haaretz,2025-09-14T11:08:28+00:00,,רן שמעוני,haaretz,he,784298
5f3a22180e0f6c7dc28a298f914975b87b449461,בלחץ השר קנדי: ה-FDA בוחן מקרי מוות של צעירים שחוסנו נגד קורונה,"הבדיקה תופסת תאוצה לקראת התכנסות הוועדה של המרכז לבקרת מחלות ומניעתן (CDC), שאמורה לפרסם את ההמלצות לחיסונים בעונת הסתיו. בתוך כך, ה-FDA החליט להגביל את מתן חיסוני הקורונה ולאשר אותם רק לאנשים בני 65 ומעלה או לאלה שסובלים ממחלות נוספות שמציבות אותם בסיכון",בריאות,data/pics/haaretz_0082_fccf4006.jpg,,haaretz,2025-09-14T11:03:03+00:00,,ניו יורק טיימס,haaretz,he,34506
331f3a60d694ba224a73d308d58f442d5f9feda4,"התרסקות ""בראשית"" על הירח ניפצה את התקוות שנתלו בדובוני המים הזעירים",על המחקר שגילה את גבול העמידות של דובוני המים - היצורים הקשוחים ביותר בטבע - ואכזב את תומכי התיאוריה הגורסת שהחיים על כדור הארץ התחילו בחלל,בלוגים|סיור מוחות,data/pics/haaretz_0083_43eefac2.jpg,,haaretz,2025-09-14T11:00:54+00:00,,יואב מה-טוב,haaretz,he,600658
617d692b992f54ee362e0596cc04154058c44c15,"הצתות, מארבים ומסמרים בדרכים: מתנחלים שהקימו מאחז ליד כפר בגדה רודים בתושבים","תושבי הכפר ג'בע סובלים זה כחצי שנה מאלימות של מתנחלים שהקימו מאחז ליד הכפר שלהם. המאחז, ובו מבנה יחיד, פונה בידי הצבא כבר כמה פעמים, אך נבנה מחדש שוב ושוב. אתמול הוצת עוד בית בכפר",חדשות|מדיני ביטחוני,data/pics/haaretz_0084_8728bd3a.jpeg,,haaretz,2025-09-14T10:55:40+00:00,,מתן גולן,haaretz,he,whatsapp-image-2025-09-14-at-10-09-10
53337b30fda07e8ffb1f5fa285ab8c65ed5ed99f,"זה היה בניין יוצא דופן, עד שהחליטו להרוס אותו",תערוכה חדשה בניו יורק חוזרת למגדל קפסולות פורץ דרך שניצב בטוקיו במשך 50 שנה,תרבות|אדריכלות,data/pics/haaretz_0085_6660fc01.jpg,,haaretz,2025-09-14T10:55:33+00:00,,נעמה ריבה,haaretz,he,63043467
2e1b22bdc8275005bb3d469b375d6c6d9eb08e8b,ריזורט למרגלות ההר הקדוש: מצרים בונה מתחם תיירות ענק ליד מנזר סנטה קתרינה,"מלונות יוקרה, כבישים ורכבל מאיימים לשנות את פני המקום הקדוש לשלוש הדתות, בעוד נזירים, בדואים וארגוני שימור מזהירים מפני פגיעה בלתי הפיכה, ועולה השאלה: האם ניתן לשמר את הקדושה של המקום לצד הפיתוח התיירותי?",טיולים|המזרח התיכון,data/pics/haaretz_0086_9306f4c8.jpg,,haaretz,2025-09-14T10:51:08+00:00,,איתן לשם,haaretz,he,785723
b4b855d36171ce4e0291d837c46b741e0a577ce1,"המרכז הפוליטי בבריטניה מתחיל להיסדק, והשוליים הם הקובעים את הטון","המפלגה השמרנית גוססת, ונייג'ל פאראג', מנהיג מפלגת ""רפורמה בריטניה"", הכריז על כוונתו להיות ראש הממשלה הבא. גם אלו בשמאל השואפים לחולל מהפכות פוליטיות, למשל ג'רמי קורבין, חשים שהגיעה שעתם",חדשות|אירופה,data/pics/haaretz_0087_c991b50c.jpg,,haaretz,2025-09-14T10:42:27+00:00,,אקונומיסט,haaretz,he,53371
9c376b079e2d86aa603a7d59e91480abc4f844bf,בועות של מהפכה: כך הביס לראשונה יין מבעבע אנגלי את מתחרו משמפיין,"תחרות יין הכתירה מבעבע אנגלי לטוב בעולם, כשלראשונה בתולדותיה היא לא נוקבת בשמפניה צרפתית כטובה ביותר. הזכייה הזו היא רק נקודת השיא של מסע ארוך שהפך את היין האנגלי לשם דבר בעולם",אוכל|יין,data/pics/haaretz_0088_234754ed.jpg,,haaretz,2025-09-14T10:40:19+00:00,,איתן לשם,haaretz,he,bdb16-retouched-504x600
158f3f600eeb91020e3eb8312b81c414f9106f45,دولة واحدة تتهم العالم بأسره,"أقرت الجمعية العامة للأمم المتحدة، يوم الجمعة، وبأغلبية ساحقة، إعلاناً تقدمت به فرنسا والسعودية يدعو إلى ""التنفيذ الفوري"" لحل الدولتين. وقد صوّتت 142 دولة لصالح المقترح، فيما عارضته عشر دول وامتنعت 12 أخرى. ومن بين دول الاتحاد الأوروبي، كانت المجر الدولة الوحيدة التي صوتت ضد، بينما امتنعت التشيك عن التصويت.",هآرتس بالعربي,data/pics/haaretz_0089_8ae2f7ca.jpg,,haaretz,2025-09-14T10:18:44+00:00,,هيئة التحرير,haaretz,ar,38512
862ab5670760115b11217386bcaf09edbefd677c,"צה""ל פלש לביתו של אחד מיוצרי הסרט זוכה האוסקר ""אין ארץ אחרת""","לפי דיווח ברשת X של העיתונאי ואחד מיוצרי הסרט, יובל אברהם, האירוע אירע לאחר שמתנחלים תקפו פלסטינים במסאפר יטא. ""הצבא והמתנחלים רוצים להתנקם בבאסל עדרה — אבל לא רק בו""",תרבות|קולנוע,data/pics/haaretz_0090_81b37fac.jpg,,haaretz,2025-09-14T09:51:11+00:00,,נירית אנדרמן,haaretz,he,63043452
fb21724d5d1a8ff031578d35aa4f5984fe334a41,"מחקר: המסכות החד-פעמיות הותירו ""פצצה כימית"" מסוכנת לבריאות ולסביבה","לדברי החוקרים, בהיעדר מדיניות מחזור ברורה, רוב המסכות מצאו דרכן למזבלות, לנתיבי מים, לפארקים, לחופים ולשטחים פתוחים. המסכות מתפרקות כעת ופולטות חלקיקי מיקרופלסטיק ותוספים כימיים, כולל ביספינול B",סביבה ואקלים,data/pics/haaretz_0091_ceaa5d8b.jpg,,haaretz,2025-09-14T09:48:12+00:00,,גרדיאן,haaretz,he,556904
2bf57f7f63999feb99251f2c9bdc527dc101bc71,"""מה קרה לצה""ל"" כבר הכריעה: הצבא הוא האשם הבלעדי במחדל 7 באוקטובר","סדרת הדוקו החדש של רשת והוט עשויה היטב, אבל הפס שמקבלים הממשלה ונתניהו בשאלת חלקם בטבח בלתי נתפס. אולי קל יותר לצאת נגד קצינים שכבר גמרו את הקריירה",תרבות|ביקורת טלוויזיה,data/pics/haaretz_0092_b499851f.jpg,,haaretz,2025-09-14T09:20:47+00:00,,איתי זיו,haaretz,he,64467
6d27807645e7cec9209a3a4ca36eaf06ad3fa657,"משרד החוץ הקפיא תקציב שנועד לשיתופי פעולה בינלאומיים: ""סוג של התאבדות""","במשרד החוץ סירבו למסור לאילו תחומים יופנה הכסף, ובמסמך שנשלח לעובדים נאמר כי הוא יחולק על פי שיקול דעתו של המנכ""ל. ""סוגרים את הדלת גם בפני מי שמוכנים לעבוד איתנו"", אמרה בכירה במשרד",חדשות|מדיני ביטחוני,data/pics/haaretz_0093_7c006307.jpg,,haaretz,2025-09-14T08:52:12+00:00,,ליזה רוזובסקי,haaretz,he,21008
f6fe6f6f51aa34c1775866ab35edbc314647deb8,"השיער יודע: סיבי השערה מסייעים לאבחון, מסטרס דרך התקף לב ועד ALS","מחקרים חדשים מראים כי שערה אחת יכולה לחשוף שינויים נוירולוגיים לפני הופעת התסמינים, לנבא מחלות לב ואף לשקף רמות סטרס. החוקרים: מדובר בבדיקה פורצת דרך שאינה פולשנית",בריאות,data/pics/haaretz_0094_6af87808.jpg,,haaretz,2025-09-14T08:26:41+00:00,,עידן לושי,haaretz,he,534129
4f8163f75faceabaa335beebbb1d5443507e6797,"מ""קחי אותי שרון"" להוליווד: איך הפך יואב שוורד לשף של הסלבריטיז במאליבו","יואב שוורד, שזכה בריאליטי הראשון בישראל לפני יותר מעשרים שנה, בנה לעצמו קריירה חדשה בלוס אנג'לס כשף אישי ושותף במסעדות ישראליות, דווקא בתקופה הסוערת ביותר בתחום",אוכל,data/pics/haaretz_0095_25430c10.jpg,,haaretz,2025-09-14T07:52:04+00:00,,חיים הנדוורקר,haaretz,he,598863
2f70eaad40b01eac9e45d846f55e75e0e1f23402,סלטים לראש השנה: כל ההצעות והרעיונות לארוחת חג,"קלאסיים או חדשניים, מסורתיים או עדכניים, עם תפוחים, רימונים או תמרים: סלטים לראש השנה שיפארו את שולחן החג",אוכל|מתכונים לראש השנה 2025,data/pics/haaretz_0096_e08cc82a.jpg,,haaretz,2025-09-14T07:47:00+00:00,,רותם מימון,haaretz,he,3419756301
37b3641163379934ba8f4dfef8e62dc19ff613fb,"קודים מוצפנים ומניעים נסתרים: האם החשוד ברצח קירק השתייך לשמאל, לימין, או שמא למחנה אחר לחלוטין?","בדיחות והתייחסויות מעולם הרשת, כמו אלו שנמצאו חרוטות על תרמילי הרובה ששימש לפי החשד את טיילר רובינסון, הן בדרך כלל בעלות משמעויות מורכבות. עובדה זו גרמה לאמריקאים רבים להתחבט בניסיון לפצח את פירושן",חדשות|אמריקה,data/pics/haaretz_0097_12803c22.jpg,,haaretz,2025-09-14T07:28:37+00:00,,ניו יורק טיימס,haaretz,he,038359-2
29602ec70db00f8e98eec51e81c6c3a7a487b762,"הסיום המחריד של ""האח הגדול"" הזכיר כי העולם האמיתי לא הפסיק להתקיים","המלחמה, עסקת החטופים, אפילו מות סבתו של ארז איסקוב בזמן משדר הגמר – הפקת ""האח הגדול"" עשתה הכל כדי להשאיר את המציאות הרחק מהמסך. עם זאת, זכייתו של יובל לוי הוכיחה כי קורבנוּת יכולה להיות אידיאולוגיה מנצחת",תרבות|ביקורת טלוויזיה,data/pics/haaretz_0098_ca9f0c08.jpg,,haaretz,2025-09-14T07:01:14+00:00,,רונן טל,haaretz,he,63042470
6cc8fdbb33277739bf78598b36c5088ad737e124,"פלסטיני נהרג בעימות עם ישראלים בגדה; צה""ל: כוח ירה בחשודים שהניחו חפצים על הכביש","ראש מועצת הכפר דיר ג'ריר מסר כי מוחמד עיסא עלוי נורה שלשום מאש צה""ל בעת עימותים בין פלסטינים לחיילים. מנגד, ממשרד הבריאות הפלסטיני נמסר כי הוא נהרג מירי מתנחלים",חדשות|מדיני ביטחוני,data/pics/haaretz_0099_65ab7490.jfif,,haaretz,2025-09-14T06:40:52+00:00,,ג'קי חורי,haaretz,he,f820decc-fcf9-4045-b996-b4dafde487a9
e46a7cbc2cdbb04c70b0a427960e67fc04ed2d41,"עידן טוקלומטי כבש שלושער ב-0:3 של שארלוט על אינטר מיאמי, ליאו מסי החמיץ פנדל","החלוץ הישראלי הוביל את קבוצתו לניצחון תשיעי ברציפות ב-MLS, והעלה את מאזנו ל-11 שערים העונה. בזכות שלוש הנקודות, שארלוט התקרבה להבטחת המקום בפלייאוף",ספורט|כדורגל בעולם,data/pics/haaretz_0100_e4bb6e7a.jpg,,haaretz,2025-09-14T06:20:27+00:00,,ספורט הארץ,haaretz,he,61189
